Department,District,Sname,Stid,Stid_temp
,,,,
학여울1팀,강남구,2391. 구룡터널 입구(개포1단지아파트),2391,2391
개화3팀,강서구,5082. 가양역 7번출구,5082,5082
세종로1팀,종로구,4719. 종로문화원 건너편,4719,4719
중랑2팀,성동구,3527. 왕십리 자이아파트,3527,3527
이수1팀,서초구,4314. 탑성마을 버스정거장 옆,4314,4314
중랑2팀,성동구,3538. 서울숲 IT캐슬,3538,3538
천왕2팀,구로구,3923. 구로공구상가 앞,3923,3923
이수1팀,서초구,2288. 안골마을입구,2288,2288
이수1팀,서초구,2286. 탑성마을입구,2286,2286
이수1팀,서초구,4322.서울추모공원 입구,4322,4322
이수1팀,서초구,2536.서초종합체육관 입구,2536,2536
상암1팀,마포구,4240. 아현문화건강센터,4240,4240
천왕1팀,구로구,2813.항동지구 3단지 302동 앞,2813,2813
세종로3팀,용산구,865.하얏트호텔 앞,865,865.
세종로3팀,용산구,859.남산공원 야외식물원 앞,859,859.
이수1팀,서초구,2287. 능안마을입구,2287,2287
훈련원2팀,성북구,4417. 성북청소년문화의집,4417,4417
학여울2팀,송파구,2612. 문정·가락 대여소 앞,2612,2612
이수2팀,서초구,2506. LG유플러스 (방배사옥),2506,2506
영남2팀,동작구,2096.서울특별시 동작관악교육지원청,2096,2096
이수1팀,강남구,2393. 구룡사 앞 교차로 (보도육교),2393,2393
천왕3팀,금천구,3971. 순흥안씨묘 건너편,3971,3971
이수1팀,서초구,2275. 염곡치안센터 건너편,2275,2275
상암1팀,마포구,3003.래미안신공덕3차아파트,3003,3003
훈련원2팀,성북구,1352. e 편한세상 보문아파트 내,1352,1352
이수1팀,서초구,2201. 본마을 정류소 앞,2201,2201
천왕1팀,구로구,2816.항동지구 8단지 803동옆(주차장입구),2816,2816
중랑1팀,광진구,3878. 장로회신학대학교 주기철 기념관,3878,3878
이수2팀,서초구,2289. 남태령역 2번출구,2289,2289
학여울2팀,강남구,2343. 세곡사거리 대왕파출소 앞,2343,2343
천호1팀,강동구,3677. 강동구음식물재활용센터,3677,3677
도봉2팀,노원구,1680. 삼육대 제3과학관,1680,1680
세종로 4팀,중구,484.도동삼거리,484,484.
천호1팀,강동구,3699. 상일파출소 옆,3699,3699
이수3팀,서초구,4324. 세화고등학교,4324,4324
중랑2팀,성동구,4363. 신금호역 2번출구 앞,4363,4363
세종로1팀,종로구,4709. 천지인 오피스텔 앞,4709,4709
세종로1팀,종로구,462. 신영동삼거리(북악터널방향),462,462.
영남2팀,관악구,3306.서울신우초등학교,3306,3306
훈련원1팀,종로구,3418.창신역2번 출구,3418,3418
훈련원1팀,종로구,3404.서울특별시 중부교육지원청,3404,3404
이수2팀,동작구,2068. 총신대 앞(육교),2068,2068
세종로1팀,종로구,3403.서울특별시 교육청,3403,3403
세종로1팀,종로구,447. 신영동삼거리,447,447.
세종로3팀,용산구,803. 한남초교 앞 보도육교,803,803.
천호1팀,강동구,1082.중앙보훈병원역3번출구,1082,1082
이수1팀,서초구,4323. 내곡도서관,4323,4323
훈련원1팀,중구,381. 장충체육관,381,381.
천호2팀,송파구,4853. 송파 안전체험교육관,4853,4853
도봉4팀,강북구,1550.삼각산아이원아파트(105동 옆),1550,1550
이수1팀,서초구,2541.옛골 입구,2541,2541
천왕1팀,구로구,2810.항동지구 3단지 311동 앞,2810,2810
학여울1팀,강남구,3648. 구룡역 4번 출구,3648,3648
이수3팀,서초구,2282. 방배래미안아트힐 101동앞,2282,2282
세종로 4팀,중구,4782. 서소문역사공원,4782,4782
세종로1팀,종로구,4702. 평창동 주민센터,4702,4702
세종로3팀,용산구,4637. 용산시티파크 101동 앞,4637,4637
세종로 4팀,중구,4760. 서울역 7번출구,4760,4760
학여울1팀,강남구,3622. 은마아파트입구 사거리(1),3622,3622
상암3팀,은평구,924. 메뚜기다리,924,924.
도봉2팀,노원구,4044. 공릉산 백세문 입구,4044,4044
훈련원2팀,성북구,4415. 미아초교버스승강장,4415,4415
훈련원2팀,성북구,1379.길음뉴타운푸르지오아파트 3단지,1379,1379
학여울2팀,강남구,3610. 윗반마을 입구,3610,3610
학여울1팀,강남구,2395. 개포1단지아파트 입구 (보도육교),2395,2395
중랑2팀,성동구,3532. 왕십리KCC스위첸아파트,3532,3532
세종로1팀,종로구,3430.구기치안센터 앞,3430,3430
상암3팀,은평구,991.흥국사 정류장,991,991.
훈련원1팀,중구,429. 송도병원,429,429.
천호1팀,강동구,1052. 리싸이클시티,1052,1052
개화4팀,양천구,4538. 양천공영차고지,4538,4538
영남3팀,영등포구,200. 국회의원회관,200,200.
학여울1팀,강남구,2352. 서울본부세관(건설회관 앞),2352,2352
이수1팀,서초구,2207. 내곡파출소 뒤 정자,2207,2207
이수3팀,서초구,4332. 이수교차로,4332,4332
훈련원1팀,중구,4777. 약수동 주민센터,4777,4777
세종로1팀,종로구,486. 평창동주민센터 앞,486,486.
세종로3팀,용산구,4612. 한남 준 J.FSS 앞,4612,4612
이수2팀,관악구,2199.신봉천주유소 A,2199,2199
중랑2팀,성동구,564. 금호역 3번출구,564,564.
천왕1팀,양천구,4541. 갈산문화예술센터,4541,4541
개화1팀,강서구,3781. 강서아동복지센터,3781,3781
훈련원2팀,성북구,1342. 성북쉼터 앞,1342,1342
상암2팀,서대문구,4265. 안산초등학교 앞,4265,4265
천왕1팀,구로구,2805.구로자원순환센터,2805,2805
이수3팀,서초구,4305. 서일스포츠센터,4305,4305
학여울1팀,강남구,2392. 구룡산 입구 (구룡산 서울둘레길 입구),2392,2392
이수1팀,서초구,2248. 서초리슈빌S 글로벌 앞,2248,2248
이수2팀,서초구,2284. CJ오쇼핑앞,2284,2284
중랑2팀,성동구,523. 옥수동성당 옆,523,523.
개화4팀,양천구,4523. 구립양천어르신요양센터,4523,4523
이수1팀,서초구,2257. 청계산 입구 삼거리,2257,2257
세종로 4팀,중구,4772. 중앙일보,4772,4772
세종로 4팀,용산구,4638. 청파동삼거리 앞,4638,4638
중랑3팀,중랑구,1424. 양원역 2번출구,1424,1424
세종로1팀,종로구,3431.로제우스 레포츠센터,3431,3431
이수2팀,동작구,4178. 이수성결교회 옆,4178,4178
중랑2팀,성동구,556. 달맞이공원,556,556.
상암3팀,은평구,969. 은평 지웰테라스,969,969.
학여울2팀,강남구,2401. 밀알학교 입구 (삼성서울병원 입구),2401,2401
이수3팀,서초구,2210. 반포1동 주민센터 앞,2210,2210
이수2팀,서초구,2225.백석예술대학교 제3캠퍼스 앞,2225,2225
천호2팀,송파구,4479. 문정중학교,4479,4479
학여울1팀,강남구,3615. 서울 논현동우체국 앞,3615,3615
상암3팀,은평구,937. 상림마을 롯데캐슬2단지 옆,937,937.
학여울2팀,송파구,1242. 문정 법조단지6,1242,1242
이수3팀,서초구,2510. JW타워,2510,2510
상암3팀,은평구,4668. 기자촌사거리,4668,4668
상암3팀,은평구,968. 은평뉴타운 상림마을 13단지,968,968.
학여울1팀,강남구,2347. 두산건설 본사,2347,2347
천왕1팀,구로구,2809.항동지구 11단지 1103동 앞,2809,2809
천왕1팀,구로구,2806.항동지구 4단지 입구,2806,2806
천왕1팀,구로구,3922. 서울남부교정시설 앞,3922,3922
세종로 4팀,용산구,4617. 동원베네스트 건너편,4617,4617
이수2팀,동작구,2092.흑석한강푸르지오(110동),2092,2092
세종로 4팀,중구,443.호암아트홀,443,443.
이수1팀,서초구,4309. 서초케이타운앞,4309,4309
세종로3팀,용산구,4623. 라인프랜즈이태원점 앞,4623,4623
이수3팀,서초구,4327. 몽마르뜨공원입구,4327,4327
학여울2팀,송파구,2659.서울친환경유통센터,2659,2659
영남2팀,관악구,2141. 미림여고입구 교차로,2141,2141
천왕3팀,금천구,1866.서울안천초등학교 옆,1866,1866
학여울1팀,강남구,2386. 크린랩 본사,2386,2386
이수2팀,동작구,2061. 한강 현대아파트 건너편,2061,2061
천호1팀,강동구,1039. 고덕초등학교,1039,1039
중랑3팀,중랑구,1467.sk신내 주유소앞(용마산로),1467,1467
도봉4팀,강북구,1572. 우이동 먹거리마을,1572,1572
이수3팀,서초구,2533.한가람미술관 앞,2533,2533
이수2팀,동작구,2079.중앙대학교 중앙광장,2079,2079
천호1팀,강동구,1007.암사동 선사유적지,1007,1007
천왕1팀,구로구,2807.항동지구 1단지 105동 앞,2807,2807
이수1팀,서초구,4310. 염곡동(염통골) 입구,4310,4310
세종로 4팀,중구,4801. 충정로역 2호선(엘리베이터 앞),4801,4801
학여울2팀,송파구,1250.문정2동 주민센터,1250,1250
중랑3팀,중랑구,1422. 신내우디안아파트 1단지,1422,1422
천왕1팀,구로구,3915. 동선아파트 앞,3915,3915
학여울2팀,송파구,4488. 문현중.고등학교 사이,4488,4488
학여울1팀,강남구,2334. 삼호아파트 2동 ( 간선도로),2334,2334
이수2팀,동작구,4177. 롯데캐슬 101동 앞,4177,4177
세종로2팀,종로구,465. 삼청공원 앞,465,465.
천호1팀,강동구,1066.생태공원앞 교차로(조명탑),1066,1066
상암1팀,마포구,4239. 성산2동 주민센터,4239,4239
천호1팀,강동구,1089.고덕 래미안힐스테이트(201동),1089,1089
이수3팀,서초구,2532.국립국악원 앞,2532,2532
상암3팀,은평구,921. 신도고등학교,921,921.
학여울1팀,강남구,2304. 대현그린타워,2304,2304
이수2팀,동작구,2040. 비계 버스정류소,2040,2040
상암3팀,은평구,938. 금암 문화공원,938,938.
이수2팀,서초구,2226. 신동아럭스빌아파트 앞,2226,2226
천왕3팀,금천구,3967. 혜명양로원 담장 옆(2),3967,3967
천왕1팀,구로구,3910. 목양전원교회 앞 로터리,3910,3910
영남3팀,영등포구,4584. 국회2문,4584,4584
학여울1팀,강남구,3649. 구룡역 5번 출구,3649,3649
중랑3팀,중랑구,1445. 용마지구대,1445,1445
세종로3팀,용산구,854.HID 유족동지회 앞,854,854.
천호1팀,강동구,3652. 한영외국어고등학교,3652,3652
중랑2팀,성동구,3556.신금호파크자이APT앞,3556,3556
이수3팀,강남구,4907. 극동스포츠 앞,4907,4907
천왕3팀,금천구,1855. 성지아파트 옆 도로변,1855,1855
중랑3팀,중랑구,4830. 신내 우디안 111동 앞,4830,4830
도봉2팀,노원구,4021. 중계본동 입구,4021,4021
천호1팀,강동구,3698. 명일역 3번출구 옆,3698,3698
세종로 4팀,중구,384. 종로학원본원,384,384.
천호2팀,송파구,1283. 오금공원 사거리,1283,1283
천왕1팀,구로구,3911. 항동하버리안2단지아파트 후문,3911,3911
세종로3팀,용산구,855.이촌역5번출구 앞,855,855.
세종로3팀,용산구,831. 이태원관광특구입구,831,831.
중랑3팀,중랑구,1427. 용마산역 1번출구,1427,1427
이수2팀,동작구,2093.상도SH빌아파트 입구,2093,2093
중랑2팀,성동구,3531. 논골사거리(금호도서관 입구),3531,3531
상암3팀,은평구,4681.박석고개(은평소방서) 앞,4681,4681
천왕3팀,금천구,1861.IBK기업은행 석수역 지점 앞,1861,1861
중랑1팀,광진구,3563.구의7단지현대아파트,3563,3563
이수3팀,서초구,2545.국립중앙도서관(국제회의장옆),2545,2545
세종로3팀,용산구,4611. 국제루터교회 앞,4611,4611
중랑1팀,광진구,3524. 세종대학교,3524,3524
천호2팀,송파구,4896. 위례포레샤인15단지,4896,4896
천왕3팀,금천구,3970. 시흥4동주민센터 앞,3970,3970
학여울1팀,강남구,3647. 구룡역 1번 출구,3647,3647
상암1팀,마포구,3005.마포구청 청사내,3005,3005
세종로1팀,종로구,3429.HW컨벤션센터 앞,3429,3429
도봉2팀,노원구,1675. 월계문화체육센터,1675,1675
학여울1팀,강남구,2311. 학동로 래미안 아파트 앞,2311,2311
도봉4팀,강북구,1541. 삼양역,1541,1541
천호1팀,강동구,1062. 고덕숲 아이파크 2,1062,1062
학여울2팀,강남구,2425.세곡동 사거리(대왕초등학교 정류장),2425,2425
천왕1팀,구로구,2808.항동지구 2단지 202동 앞,2808,2808
이수1팀,서초구,4319. 삼성전자R&D어린이집 뒤,4319,4319
학여울1팀,강남구,2398. 더라움,2398,2398
학여울1팀,강남구,2417.선정릉 디캠프(D.CAMP)앞,2417,2417
상암3팀,은평구,945. 기자촌 사거리,945,945.
이수1팀,서초구,2249. 우솔초등학교 맞은편,2249,2249
천왕3팀,금천구,3972. 산기슭공원 앞,3972,3972
이수2팀,동작구,2064. 흑석한강푸르지오 106동앞,2064,2064
이수3팀,서초구,2517.서초3교(효령로69길 방면),2517,2517
학여울1팀,강남구,3621. 휘문고교 사거리,3621,3621
학여울1팀,강남구,3616. 역삼중학교 앞(체육관 방향),3616,3616
천왕3팀,금천구,1864.산호시티빌 옆,1864,1864
영남3팀,영등포구,297.국회3문,297,297.
훈련원2팀,성북구,1393.돈암육교 하단,1393,1393
세종로3팀,용산구,4613. 서울갤러리아 앞,4613,4613
이수3팀,서초구,2269. 주홍교 하부,2269,2269
상암3팀,은평구,974.연신초등학교옆 마을마당,974,974.
상암1팀,마포구,4221. 솔리스타오피스텔(공덕동주민센터),4221,4221
훈련원2팀,성북구,1376. 한국과학기술연구원 중문,1376,1376
이수2팀,관악구,2130. 영어마을 관악캠프,2130,2130
학여울2팀,강남구,2403. 공무원연금매점 교차로 (개포주공9단지 입구),2403,2403
훈련원2팀,성북구,1377. 한국과학기술연구원 북문,1377,1377
중랑3팀,중랑구,1435. 능산삼거리,1435,1435
이수2팀,동작구,4153. 흑석동효사정앞,4153,4153
세종로1팀,종로구,3428.서울미술관,3428,3428
상암2팀,서대문구,4262. 서대문자연사박물관 입구,4262,4262
상암1팀,마포구,432. 마포중앙도서관,432,432.
학여울2팀,강남구,3602. 한국지역난방공사강남지사,3602,3602
천호2팀,송파구,4473. 마천금호어울림 1차 102동앞,4473,4473
천왕3팀,금천구,1842. 한울중학교,1842,1842
천왕1팀,구로구,3902. 항동지구5단지 501동 앞,3902,3902
상암2팀,은평구,934. 신사동 성당,934,934.
영남3팀,영등포구,5852. 대림동현대2차 201동 앞,5852,5852
상암3팀,은평구,4672. 준빌딩 앞,4672,4672
상암2팀,서대문구,3111.무악재역 4번 출구,3111,3111
학여울1팀,강남구,2350. 래미안그레이튼102동앞,2350,2350
세종로3팀,용산구,4639. 동빙고근린공원,4639,4639
도봉3팀,도봉구,1730. 도봉산역 교차로 앞,1730,1730
중랑2팀,성동구,3561.행당동 삼부APT후문,3561,3561
중랑3팀,중랑구,1453. 중랑캠핑숲,1453,1453
상암1팀,마포구,422. 문화비축기지,422,422.
학여울2팀,강남구,3624. 대모산입구역 7번 출구 앞,3624,3624
상암2팀,서대문구,3126.남가좌동 제2공영주차장,3126,3126
상암1팀,서대문구,4266.국민연금공단충정로사옥,4266,4266
중랑3팀,중랑구,1406. 망우청소년수련관,1406,1406
천호1팀,강동구,3539. 서원마을,3539,3539
이수2팀,관악구,3810. 신봉천주유소 B,3810,3810
훈련원2팀,성북구,1392.돈암삼성풍림아파트,1392,1392
훈련원1팀,중구,483.남산타운아파트 버스정류장,483,483.
천왕3팀,금천구,1816. 금천폭포공원 앞,1816,1816
천호2팀,송파구,4879. 마천청소년센터,4879,4879
천왕3팀,금천구,3973. 독산2동주민센터 앞,3973,3973
세종로3팀,용산구,812. 용산전쟁기념관,812,812.
천왕1팀,구로구,3920. 개봉역2번출구 B,3920,3920
천왕3팀,금천구,1857. 주공14단지,1857,1857
천왕1팀,구로구,1951. 천왕이펜하우스 4단지 후문,1951,1951
이수2팀,서초구,2283. 그룹한빌딩옆,2283,2283
중랑1팀,광진구,3503. 광진유진스웰,3503,3503
천왕3팀,금천구,1836. 금천구립 독산도서관,1836,1836
이수3팀,서초구,2519.서초2교(사임당로 방면),2519,2519
이수3팀,서초구,2235.KT 서초지사 앞,2235,2235
학여울2팀,강남구,2383. 보금자리정원,2383,2383
이수3팀,강남구,4903. 신사스퀘어,4903,4903
학여울1팀,강남구,2354. 청담역 2번출구,2354,2354
중랑3팀,중랑구,1410. 면목 대원칸타빌아파트,1410,1410
개화1팀,강서구,1200. 개화광역환승센터,1200,1200
학여울1팀,강남구,2371. 한국우편사업진흥원,2371,2371
중랑1팀,광진구,3564.나루마당,3564,3564
천호2팀,송파구,4461. 한양3차아파트 3동 앞,4461,4461
이수2팀,동작구,2078.흑석 아크로리버하임(103동),2078,2078
상암1팀,서대문구,3100. 북성초교,3100,3100
훈련원4팀,동대문구,608. 전농삼성아파트,608,608.
개화1팀,강서구,1101. 개화동상사마을종점 버스정류장,1101,1101
훈련원4팀,동대문구,681.서울특별시 동부교육지원청(육교),681,681.
훈련원1팀,종로구,3401.창신두산아파트,3401,3401
이수3팀,서초구,4304. 서울고앞,4304,4304
훈련원2팀,성북구,1353. 금호어울림센터힐 내,1353,1353
상암3팀,은평구,994.북한산생태공원입구(교통섬),994,994.
영남2팀,동작구,4158. 노량진근린공원,4158,4158
도봉4팀,강북구,1558.강북문화정보도서관,1558,1558
훈련원2팀,성북구,1304. 만해공원,1304,1304
세종로 4팀,용산구,4625. 용산공원갤러리앞,4625,4625
이수1팀,서초구,2256.양재동 꽃시장 입구,2256,2256
세종로3팀,용산구,4632. 용산 푸르지오 파크타운 1단지 앞,4632,4632
이수1팀,서초구,2203. 청계산입구역 2번출구,2203,2203
세종로3팀,용산구,802. 한강진역 2번 출구 앞,802,802.
상암3팀,은평구,992.북한산입구 정류장,992,992.
상암3팀,은평구,977.신도중학교앞,977,977.
중랑3팀,중랑구,4834. 용마복지센터 앞,4834,4834
천왕3팀,금천구,1847. 독산주공 14단지 버스정류소,1847,1847
학여울2팀,강남구,3611. 방죽마을 입구,3611,3611
이수3팀,서초구,4312. 반포미도2차아파트 옆,4312,4312
중랑2팀,성동구,3530. 왕십리자이아파트 후문(삼거리),3530,3530
학여울1팀,강남구,3620. 청담역 11번 출구,3620,3620
천호2팀,송파구,4892. 성내유수지 체육공원,4892,4892
상암1팀,서대문구,3114.충정로역 3번 출구,3114,3114
도봉4팀,강북구,3714. 송천센트레빌,3714,3714
중랑2팀,성동구,3551.성동도로사업소,3551,3551
천호2팀,송파구,2609. 보성중고등학교 후문 앞,2609,2609
이수3팀,서초구,2548.반포1동 자율방범초소 옆,2548,2548
영남3팀,영등포구,4585. 국회6문,4585,4585
중랑2팀,성동구,3555.양지사거리(센트라스APT 115동앞),3555,3555
천호2팀,송파구,4881. 거여동사거리 송파둘레길 입구,4881,4881
중랑3팀,중랑구,4802. 새우개마을,4802,4802
천왕3팀,금천구,1820. 신한은행 시흥대로금융센터지점,1820,1820
천왕3팀,금천구,3974. 안천중학교,3974,3974
학여울2팀,강남구,3637. 세곡데이케어센터,3637,3637
세종로3팀,용산구,4608. 국립중앙박물관 정문 앞,4608,4608
영남3팀,영등포구,4580. 국회3문,4580,4580
천왕1팀,구로구,2817.천왕이펜하우스5단지 앞,2817,2817
천왕2팀,금천구,1850. 코오롱테크노밸리,1850,1850
세종로1팀,종로구,451. 청와대앞길,451,451.
천왕1팀,구로구,1969. 궁동생태공원,1969,1969
이수2팀,동작구,2038. 동작역 7번출구,2038,2038
세종로1팀,종로구,3427.인왕산 아이파크 정문,3427,3427
세종로 4팀,용산구,823. 효창동주민센터 앞,823,823.
학여울1팀,강남구,2363. 강남 을지병원 교차로,2363,2363
세종로3팀,용산구,858.녹사평역3번 출구,858,858.
이수3팀,서초구,4315. 이투스교육 앞,4315,4315
이수2팀,동작구,2071. 대림아파트 후문 상가 옆,2071,2071
도봉4팀,강북구,1538. 솔밭공원역,1538,1538
상암2팀,서대문구,3105. 홍은센트레빌 아파트 앞,3105,3105
중랑3팀,중랑구,1463.중랑구민회관,1463,1463
훈련원4팀,동대문구,616. 서울시립대 앞,616,616.
개화1팀,강서구,1196. 서울식물원(문화센터) 건너편,1196,1196
이수1팀,서초구,2516.본마을 노인복지센터 앞,2516,2516
영남3팀,영등포구,4583. 의정관,4583,4583
학여울1팀,강남구,2349. 역삼빌딩 앞(하나은행 옆),2349,2349
개화2팀,강서구,1181. 농수산식품공사 (강서지사),1181,1181
영남3팀,영등포구,295.영등포공원 분수대 앞,295,295.
중랑3팀,중랑구,1459. 용마한신아파트사거리,1459,1459
영남2팀,관악구,2184. 구암초등학교 버스정류장,2184,2184
천왕1팀,구로구,2804.항동지구 6단지 602동 앞,2804,2804
천왕3팀,금천구,1852. 혜명양로원 담장 옆,1852,1852
영남3팀,영등포구,4582. 국회도서관,4582,4582
상암1팀,서대문구,3117.이화여대 인문관 인근,3117,3117
천호1팀,강동구,1038. 강일 다솜 어린이 공원,1038,1038
상암2팀,서대문구,3109.북한산더? 106동 앞,3109,3109
학여울1팀,강남구,2390. 구룡마을 입구 (래미안블레스티지 아파트),2390,2390
세종로2팀,종로구,352. 중앙고입구 삼거리,352,352.
세종로 4팀,중구,435. SK 남산빌딩,435,435.
이수2팀,관악구,2165. JK장평타워,2165,2165
세종로 4팀,중구,442.서울역 서부,442,442.
세종로1팀,종로구,3426.독립문역 2번출구 뒤,3426,3426
도봉3팀,도봉구,1703. 도봉산광역환승센터앞,1703,1703
중랑3팀,중랑구,4840. 서울시 북부병원 앞,4840,4840
천왕3팀,금천구,1823. 상신정비공업 앞,1823,1823
훈련원1팀,종로구,3402.이화공영주차장,3402,3402
상암2팀,은평구,4684. 응암2동주민센터 버스정류장(영락중학교 방면),4684,4684
도봉3팀,도봉구,1756.서울북부광역등기국,1756,1756
세종로 4팀,중구,4752. 삼성사이버빌리지아파트,4752,4752
상암1팀,마포구,4234. 에스테반,4234,4234
중랑3팀,중랑구,1426. 면목도시개발아파트 1동 앞,1426,1426
천왕1팀,구로구,2814.항동지구 10단지 1001동 앞,2814,2814
도봉3팀,도봉구,1728. 서울북부지방법원,1728,1728
천왕2팀,구로구,1979. 구로1동우체국 앞,1979,1979
천왕3팀,금천구,1858. 500번·507번 버스 종점 앞,1858,1858
훈련원2팀,성북구,1316. 고려사대부속중고 건너편,1316,1316
중랑2팀,성동구,569. 응봉현대아파트 정류소,569,569.
천호1팀,강동구,3663. 암사정수센터교차로(강동롯데캐슬퍼스트아파트),3663,3663
천호1팀,강동구,1054. 말우물 어린이 공원,1054,1054
훈련원2팀,성북구,1370. 복자사랑 피정의 집,1370,1370
상암3팀,은평구,973.제각말푸르지오 5-1단지 아파트,973,973.
도봉4팀,강북구,3703. 신성교회 앞,3703,3703
개화2팀,강서구,3766. 강서문화센터,3766,3766
세종로 4팀,용산구,4602. 숙명여대앞 버스정류소 주변,4602,4602
학여울1팀,강남구,2309. 청담역(우리들병원 앞),2309,2309
훈련원2팀,성북구,1314. 정릉꿈에그린1단지 201동 앞,1314,1314
이수3팀,강남구,2406. 논현동 광명빌딩 앞,2406,2406
훈련원2팀,성북구,1365. 선잠단지 앞,1365,1365
천호1팀,강동구,3672. 고덕중학교 후문,3672,3672
도봉4팀,강북구,1510. 번동주공5단지 관리사무소 앞,1510,1510
상암1팀,마포구,127. 현대벤처빌 앞,127,127.
이수2팀,관악구,3806. 낙성대 교수아파트,3806,3806
학여울2팀,송파구,4885. 가든파이브 리빙관,4885,4885
세종로1팀,종로구,449. 일성아파트,449,449.
훈련원1팀,중구,428. 명보사거리,428,428.
상암1팀,서대문구,173. 서대문역 8번출구 앞,173,173.
중랑3팀,중랑구,4811. 한양수자인아파트 앞,4811,4811
영남2팀,동작구,2057. 상도 아이파크 아파트,2057,2057
상암2팀,서대문구,161. 무악재역1번 출구,161,161.
영남2팀,관악구,3310.영락고등학교,3310,3310
학여울1팀,강남구,2427.개포고등학교 정문앞,2427,2427
이수1팀,서초구,4329. SC제일은행 양재동지점 앞,4329,4329
이수1팀,서초구,2285. LH서초3단지 301동 맞은편,2285,2285
천왕1팀,양천구,724. 계남공원 입구 주출입구 좌측,724,724.
천호1팀,강동구,1006. 롯데캐슬 115동앞,1006,1006
천호1팀,강동구,1071.명일근린공원공동체텃밭,1071,1071
훈련원1팀,종로구,4703. 쌍용아파트2단지 정문,4703,4703
영남2팀,동작구,4162. 노량진1동 청소년독서실,4162,4162
이수2팀,동작구,2041. 사당중학교 버스정류소,2041,2041
상암1팀,마포구,494.신수동주민센터,494,494.
학여울2팀,송파구,1263. 장지공영차고지,1263,1263
세종로 4팀,용산구,830. 청암자이아파트앞,830,830.
훈련원4팀,동대문구,679.전농SK아파트 앞,679,679.
학여울1팀,강남구,2305. MCM 본사 직영점 앞,2305,2305
도봉4팀,강북구,1513. 강북구청 뒷편,1513,1513
학여울1팀,강남구,3646. 선정릉역 4번 출구,3646,3646
상암1팀,마포구,410. 상암중학교 옆,410,410.
이수1팀,서초구,2258.구룡사 삼거리,2258,2258
천왕3팀,금천구,1865.금천구청앞(M빌딩),1865,1865
세종로2팀,중구,4761. 탐앤탐스 을지로3가점,4761,4761
상암3팀,은평구,959. 구파발10단지 인근,959,959.
세종로2팀,중구,4784. 중부경찰서앞 사거리,4784,4784
상암1팀,서대문구,171. 임광빌딩 앞,171,171.
천호2팀,송파구,4888. 둔촌오륜역 2번출구,4888,4888
학여울2팀,송파구,1290. 위례송파꿈에그린아파트24단지 앞 성벽 다리 밑,1290,1290
세종로3팀,용산구,4609. 파크타워 104동 앞,4609,4609
도봉3팀,도봉구,1757.솔밭공원역 1번출구 앞,1757,1757
학여울1팀,강남구,2357. 르네상스호텔사거리 역삼지하보도 3번출구 앞 (더 오번 빌딩 명동칼국수 앞),2357,2357
도봉1팀,노원구,1635. 상계3.4동 주민센터 대여소,1635,1635
학여울1팀,강남구,3630. 개포우성6차아파트 정문 앞,3630,3630
훈련원2팀,성북구,1315. 고려사대부속중고 정문,1315,1315
세종로2팀,중구,4762. 국제빌딩,4762,4762
중랑1팀,광진구,3521. 현대홈타운 뒷길,3521,3521
도봉3팀,도봉구,1714. 도봉문화정보도서관 삼거리,1714,1714
중랑3팀,중랑구,4827. 신내SK V1센터 앞,4827,4827
이수1팀,강남구,3634. 국악고교 앞 교차로,3634,3634
상암3팀,은평구,4667. 폭포동입구 교차로,4667,4667
학여울1팀,강남구,2382. 역삼동 sk뷰 501동앞,2382,2382
훈련원2팀,성북구,1323. 월곡역 입구 육교 밑,1323,1323
도봉4팀,강북구,1573.현대성우아파트 옆,1573,1573
천호2팀,송파구,5751. 송파여성축구장,5751,5751
이수2팀,서초구,2223. 방배래미안 정문 앞,2223,2223
이수2팀,관악구,3802. 관악구민체육센터,3802,3802
세종로3팀,용산구,867.서빙고역 광장(1번출구),867,867.
상암3팀,은평구,966. 서울혁신파크1,966,966.
학여울2팀,송파구,4490. 송파파인타운 10단지 1005동,4490,4490
천호1팀,강동구,1053. 동명근린공원 진입로 (아리수로),1053,1053
학여울1팀,강남구,2326. 대치동 삼성로,2326,2326
이수2팀,동작구,2094.숭실대학교(중문),2094,2094
중랑3팀,중랑구,4815. 중랑데시앙플렉스 앞,4815,4815
상암2팀,은평구,978.녹번 힐스테이트상가앞,978,978.
천왕3팀,금천구,1868.우리은행 시흥남자동화점 앞,1868,1868
학여울2팀,강남구,2351. 청소년수련관(수영장)앞,2351,2351
천호1팀,강동구,3659. 명일초등학교 옆,3659,3659
천호2팀,송파구,2649.오금공원사거리2,2649,2649
개화1팀,강서구,1188. 롯데중앙연구소,1188,1188
상암3팀,은평구,952. 서울연신중학교,952,952.
천호1팀,강동구,3661. 명일동신동아아파트 앞,3661,3661
이수2팀,관악구,3307.봉천고개 육교,3307,3307
학여울1팀,강남구,2329. 르네상스호텔사거리 역삼지하보도 2번출구,2329,2329
천왕1팀,구로구,1971. 오정초교 앞 보도육교,1971,1971
학여울1팀,강남구,2368. 도곡동 경남아파트 건너편,2368,2368
상암1팀,서대문구,159. 이대역 4번 출구,159,159.
상암1팀,마포구,4247. 서울서부지방법원등기국앞,4247,4247
도봉3팀,도봉구,1731. 도봉고등학교 맞은편,1731,1731
상암3팀,은평구,928. 은평역사한옥박물관,928,928.
이수3팀,서초구,2535.신반포역 3번출구 뒤,2535,2535
천호1팀,강동구,1037. 강일리버파크 6단지,1037,1037
영남3팀,영등포구,4581. 국회소통관,4581,4581
중랑3팀,중랑구,4807. 라코지스테이 앞,4807,4807
이수3팀,서초구,2520.서초1교 (진흥아파트 방면),2520,2520
학여울1팀,강남구,2307. 압구정 한양 3차 아파트,2307,2307
세종로3팀,용산구,4622. 한강중학교 앞 버스정류장,4622,4622
천호2팀,송파구,4883. 위례포레샤인18단지 1812동,4883,4883
세종로3팀,용산구,4607. 국립중앙박물관 -용산가족공원 앞,4607,4607
세종로 4팀,용산구,4636. 용산구꿈나무종합타운 앞,4636,4636
개화2팀,강서구,1161. 강서면허시험장 앞,1161,1161
세종로 4팀,용산구,851.효창 푸르지오 앞,851,851.
이수2팀,관악구,3804. 낙성대공원,3804,3804
도봉1팀,노원구,4043. 상계주공13단지 1301동,4043,4043
천호1팀,강동구,3682. 길동 동호빌딩,3682,3682
세종로2팀,중구,4776. 신세계면세점,4776,4776
도봉2팀,노원구,4040. 공릉로 26길,4040,4040
상암3팀,은평구,964. 북한산힐스테이트 7차아파트,964,964.
학여울1팀,강남구,2380. 삼성동베이직하우스앞,2380,2380
중랑3팀,중랑구,1477.면목삼익아파트 앞,1477,1477
개화2팀,강서구,3799. 국립항공박물관,3799,3799
훈련원2팀,성북구,1366. 일신초등학교 옆,1366,1366
천왕2팀,구로구,2825.초롱타운 앞,2825,2825
세종로3팀,용산구,869.노들섬 동측 앞,869,869.
도봉3팀,도봉구,4064. 신창아파트 입구 앞,4064,4064
학여울1팀,강남구,2370. 한티역 3번출구,2370,2370
세종로 4팀,용산구,4604. 원효로다목적체육관 앞,4604,4604
상암2팀,서대문구,164. 북가좌1동 주민센터,164,164.
이수3팀,서초구,2280. 서울서초고용센터앞,2280,2280
학여울2팀,강남구,2376. 수서역 6번출구 앞,2376,2376
천왕2팀,구로구,1910. 낙원교회 맞은편,1910,1910
이수1팀,서초구,2270. 서초포레스타 7단지,2270,2270
학여울1팀,강남구,2388. 강남구 도시관리공단,2388,2388
천호2팀,송파구,1213. 백토공원 앞,1213,1213
이수3팀,서초구,2272. 교대입구 교차로,2272,2272
상암2팀,은평구,971. 역촌 센트레빌 아파트,971,971.
이수1팀,서초구,2241.양재전화국 사거리,2241,2241
훈련원1팀,중구,479.동대입구역 3번 출구,479,479.
개화4팀,양천구,4516. 신진빌라,4516,4516
이수2팀,동작구,2083.흑석롯데캐슬에듀포레(107동),2083,2083
천왕3팀,금천구,1819. 금천구청 앞 자전거거치대,1819,1819
중랑2팀,성동구,534. 금호사거리,534,534.
천호1팀,강동구,1034. 고덕동 래미안 힐스테이트,1034,1034
중랑2팀,성동구,3547.상왕십리역 6번 출입구,3547,3547
중랑2팀,성동구,522. 금호역 1번출구 앞,522,522.
도봉4팀,강북구,1571.북서울 꿈의 숲 입구,1571,1571
학여울1팀,강남구,2428.롯데리아 개포점앞,2428,2428
상암3팀,은평구,967. 서울혁신파크2,967,967.
천왕1팀,구로구,1967. 참새공원(백곡경노당),1967,1967
상암1팀,서대문구,3134.SK리쳄블(상수도사업본부),3134,3134
천호1팀,강동구,3654. 강동리버스트4단지아파트 405동 앞,3654,3654
상암1팀,마포구,120. 신수동 사거리,120,120.
이수3팀,서초구,2502. 서초역1번출구 앞,2502,2502
학여울1팀,강남구,2318. 삼성중앙역4번출구(문화센터더 리빌),2318,2318
학여울1팀,강남구,2323. 주식회사 오뚜기 정문 앞,2323,2323
세종로3팀,용산구,822. 이촌1동 마을공원,822,822.
학여울1팀,강남구,2381. 언주역 6번출구앞,2381,2381
천호2팀,송파구,4882. 위례포레샤인18단지 1802동,4882,4882
도봉4팀,강북구,1522. 월드전기조명인테리어(우이동),1522,1522
학여울1팀,강남구,2353. 강남구청역 2번출구 뒤,2353,2353
중랑3팀,중랑구,1418. 새솔초등학교,1418,1418
천왕3팀,금천구,3968. 독산동 현대홈타운 금천과선교 앞,3968,3968
천호1팀,강동구,1069.강동경희대학교병원 입구,1069,1069
천호2팀,송파구,1258. 가락미륭아파트 앞,1258,1258
천호1팀,강동구,3688. 상일동산(동아아파트앞 교차로),3688,3688
상암1팀,서대문구,139. 연세대 정문 건너편,139,139.
천호2팀,송파구,4485. 잠실나루역 고가하부,4485,4485
이수3팀,서초구,2298. 래미안서초스위트앞,2298,2298
천호2팀,송파구,4454. 위례 포레샤인 1809동 부근,4454,4454
천왕1팀,구로구,2818.천왕이펜하우스3단지 앞,2818,2818
도봉2팀,노원구,2907. 월계중학교,2907,2907
중랑3팀,중랑구,1421. 신내역 4번출구,1421,1421
상암1팀,마포구,489.구룡근린공원,489,489.
상암1팀,마포구,3006. 상암월드컵파크5단지(상암중학교),3006,3006
훈련원4팀,동대문구,621. 동대문중학교 옆,621,621.
세종로2팀,중구,469.회현역 1번출구,469,469.
학여울2팀,송파구,2650.위례22단지 2208동 다리앞,2650,2650
도봉2팀,노원구,1679. 삼육대 도서관,1679,1679
천왕3팀,금천구,1863.위너스 스포츠클럽 골프연습장옆,1863,1863
학여울1팀,강남구,3636. 삼성중앙역·플래티넘아파트 정류소,3636,3636
세종로2팀,중구,466.롯데호텔,466,466.
영남2팀,관악구,2143. 서울산업정보학교,2143,2143
영남3팀,영등포구,4579. 국회의사당 본관,4579,4579
도봉2팀,노원구,4045. 은하수 공원,4045,4045
상암3팀,은평구,941. 은평뉴타운 도서관,941,941.
천왕1팀,구로구,1992. 구로구배드민턴실내체육관 앞,1992,1992
도봉4팀,강북구,1504. 다이소 삼양시장점,1504,1504
세종로 4팀,용산구,827. 국군복지단,827,827.
상암1팀,마포구,4248. 신촌 교보빌딩,4248,4248
천왕3팀,금천구,1826. 한신코아 앞,1826,1826
천호2팀,송파구,1279. 마천금호어울림 1차아파트 건너편,1279,1279
천왕3팀,금천구,1853. 서울디자인직업전문학교 앞,1853,1853
이수2팀,동작구,2088.상도중앙하이츠빌 입구,2088,2088
학여울1팀,강남구,2358. 구룡초사거리 (현대아파트10동 앞 ),2358,2358
세종로1팀,종로구,4718. 광화문역 6번출구 옆 A,4718,4718
천호1팀,강동구,1058. 고덕숲 아이파크 1,1058,1058
도봉3팀,도봉구,1717. 시립창동운동장 입구,1717,1717
중랑2팀,성동구,533. 금남시장 교차로,533,533.
도봉3팀,도봉구,1761.방학중학교 앞,1761,1761
도봉4팀,강북구,1539. 4.19민주묘지역,1539,1539
천왕1팀,구로구,1968. 동인오피스텔 건너편 소공원,1968,1968
세종로3팀,용산구,808. 서빙고동 금호맨션 앞,808,808.
도봉4팀,강북구,1542. 삼양사거리역,1542,1542
중랑3팀,중랑구,1436. 동원베네스트 건물 앞,1436,1436
천왕1팀,양천구,767.신정숲속마을아파트,767,767.
학여울1팀,강남구,2336. 강남세브란스교차로 래미안그레이튼 104동 앞,2336,2336
도봉4팀,강북구,1546. 송천동우체국,1546,1546
개화2팀,강서구,5072. 김포공항입구 교통섬,5072,5072
상암1팀,강북구,4269. 연희IC 남측,4269,4269
도봉4팀,강북구,1547. 꿈의숲 롯데캐슬,1547,1547
이수3팀,서초구,2527.반포중학교 앞(세화여고 맞은편),2527,2527
상암1팀,마포구,491.월드컵파크 4단지,491,491.
이수3팀,서초구,2521.서초 크로바타워 앞,2521,2521
세종로1팀,중구,4753. 우리은행 서소문금융센터,4753,4753
이수1팀,서초구,4320. 신영체르니 아파트,4320,4320
훈련원1팀,종로구,397. 종묘공영주차장 건너편,397,397.
세종로3팀,용산구,857. 현대 안성타워,857,857.
훈련원2팀,성북구,1391.성북청소년센터,1391,1391
이수3팀,서초구,2526.반포경남쇼핑 앞,2526,2526
중랑3팀,중랑구,1479.면목 홈플러스 2,1479,1479
세종로1팀,종로구,4715. 돈의문 박물관 마을,4715,4715
훈련원3팀,동대문구,4116. 이문e편한세상아파트 앞,4116,4116
중랑2팀,성동구,3557.서울숲리버뷰자이APT105동 앞,3557,3557
세종로3팀,용산구,4610. 한남나인원 105동 앞,4610,4610
천호2팀,송파구,2616. 거여동 사거리,2616,2616
도봉2팀,노원구,5305. 대륜E&S 서울지사 앞,5305,5305
상암2팀,은평구,4678. 백련산로 녹번센트레빌,4678,4678
천호2팀,송파구,1289. 풍납토성 서성벽터B,1289,1289
이수2팀,관악구,2159. 인헌초교,2159,2159
훈련원1팀,종로구,364. 창신역 1번출구 앞,364,364.
중랑1팀,광진구,575. 대원중고교 입구(대하빌딩),575,575.
중랑2팀,성동구,524. 래미안금호하이리버 아파트 102동 옆,524,524.
학여울2팀,강남구,3640. 일원1동주민센터앞 사거리,3640,3640
세종로3팀,용산구,863.이촌역2번 출구,863,863.
천호1팀,강동구,1064.중앙보훈병원역 1번출구,1064,1064
도봉2팀,노원구,4017. 월계 청백1단지 아파트 정류장,4017,4017
개화2팀,양천구,4519. 양원보도육교,4519,4519
상암3팀,은평구,902. 진관동 은빛초등학교,902,902.
세종로 4팀,중구,4766. 서소문성지역사박물관,4766,4766
중랑3팀,중랑구,1466.두산대림아파트 삼거리,1466,1466
도봉4팀,강북구,1525. 미아동 복합청사,1525,1525
학여울2팀,강남구,2337. 대모산입구역 2번출구 앞,2337,2337
천왕3팀,금천구,3958. 롯데캐슬2차 마을버스 정류장(18804) 뒤편,3958,3958
상암3팀,은평구,993.은평뉴타운 은뜨락아파트앞,993,993.
도봉1팀,노원구,1652. 파르코 앞,1652,1652
천왕3팀,금천구,1843. 독산고등학교,1843,1843
학여울1팀,강남구,2331. 동영문화센터앞,2331,2331
이수2팀,동작구,2048. 삼일초등학교 인근,2048,2048
상암2팀,서대문구,163. 명지전문대학교 정문 앞,163,163.
천왕1팀,구로구,2822.제니스스포츠 앞,2822,2822
상암1팀,서대문구,137. 신촌기차역입구 교차로,137,137.
세종로2팀,중구,4785. 롯데시티호텔,4785,4785
이수2팀,서초구,2281. 연세사랑병원신관앞,2281,2281
훈련원1팀,중구,480.약수역 6번 출구,480,480.
도봉4팀,강북구,1511. 번동 금호어울림아파트102동앞,1511,1511
천왕2팀,금천구,1849. 대륭포스트타워5차,1849,1849
천왕1팀,구로구,2812.항동프라자,2812,2812
중랑2팀,성동구,526. 용답토속공원 앞,526,526.
천호1팀,강동구,3674. 강동리버스트7단지,3674,3674
개화1팀,강서구,1105. 방화근린공원,1105,1105
학여울2팀,송파구,1239. 문정 법조단지3,1239,1239
이수1팀,서초구,2539.대한무역투자진흥공사 KOTRA 앞,2539,2539
개화3팀,강서구,5080. 가양역 1번출구,5080,5080
천호2팀,송파구,2614. 가락고등학교 앞,2614,2614
도봉3팀,도봉구,1774.반석교회(쌍문동),1774,1774
상암3팀,은평구,942. 상림마을 생태공원,942,942.
훈련원2팀,성북구,1357. 북한산보국문역,1357,1357
개화2팀,양천구,741. 화곡로 입구 교차로,741,741.
천호1팀,강동구,1079.강일동입구교차로,1079,1079
세종로 4팀,중구,4781. 브라운스위트레지던스,4781,4781
이수3팀,서초구,2514.사평역 2번출구,2514,2514
학여울2팀,송파구,4475. 송파파인타운 4단지 403동,4475,4475
훈련원1팀,중구,477.앰배서더 호텔 주변,477,477.
중랑2팀,성동구,535. 응봉삼거리,535,535.
천왕1팀,구로구,1943. 온수역 북측,1943,1943
상암2팀,은평구,4658. 녹번역1번출구앞,4658,4658
이수1팀,서초구,2549.LH 서초 4단지 403동,2549,2549
상암1팀,서대문구,196. 연희교차로 인근,196,196.
훈련원2팀,성북구,1347. 길음래미안아파트817동 상가 앞,1347,1347
훈련원2팀,성북구,1386.동선고가차도 초입,1386,1386
훈련원4팀,동대문구,664. 서울시립대 건설공학관,664,664.
중랑2팀,성동구,594. 중랑물재생센터(서울새활용플라자),594,594.
천왕2팀,구로구,2826.가마산지하보도 옆,2826,2826
이수2팀,관악구,2129. 낙성대 과학전시관,2129,2129
훈련원1팀,종로구,3419.국립어린이과학관,3419,3419
훈련원1팀,중구,434. 신당 래미안 버스정류장,434,434.
상암1팀,마포구,424. 롯데하이마트 (상암월드컵점),424,424.
개화2팀,강서구,3765. 문소빌딩,3765,3765
이수1팀,서초구,2246. 서울시 품질시험소 앞,2246,2246
상암2팀,서대문구,169. 북가좌 삼거리,169,169.
세종로3팀,용산구,811. 녹사평역1번출구,811,811.
천호2팀,송파구,2643.풍납중학교 측면,2643,2643
도봉1팀,노원구,1678. 성서대학교 밀알관,1678,1678
학여울1팀,강남구,3638. 신청담나들목,3638,3638
이수3팀,서초구,4316. 고속터미널역 3번출구,4316,4316
상암3팀,은평구,947. 연신내 선일하이츠빌 정류소,947,947.
학여울2팀,강남구,3612. 은곡마을,3612,3612
이수3팀,강남구,2410. 포스코피앤에스타워 (역삼역 3번출구 부근),2410,2410
세종로2팀,중구,322. 명동성당 앞,322,322.
이수1팀,강남구,3609. 언주초등학교 입구,3609,3609
학여울1팀,강남구,2310. 청담동 맥도날드 옆(위치),2310,2310
도봉4팀,강북구,1509. 서울북부수도사업소,1509,1509
천왕1팀,구로구,1973. 오리로와 서해안도로 교차로 앞,1973,1973
훈련원1팀,종로구,388. 동성중학교 앞,388,388.
훈련원3팀,동대문구,671.대광빌딩,671,671.
영남3팀,영등포구,4573. 두산위브아파트,4573,4573
학여울2팀,강남구,3641. 대청역,3641,3641
학여울1팀,강남구,2416.한티역 6번 출구,2416,2416
도봉3팀,도봉구,1759.서울북부지방법원 앞,1759,1759
천호1팀,강동구,1065.보훈병원 후문옆(더 원커피),1065,1065
도봉2팀,노원구,2914.서울과학기술대학교(미래관),2914,2914
개화3팀,양천구,776.목마공원,776,776.
천호2팀,송파구,4474. 가락현대 1차 11동 앞,4474,4474
도봉4팀,강북구,1551.4.19탑 앞,1551,1551
영남2팀,관악구,2137. KT&G 관악지점,2137,2137
이수3팀,서초구,2518.서초3교(효령로70길 방면),2518,2518
학여울2팀,송파구,2645.잠실나들목2(엘스아파트136동),2645,2645
천왕1팀,구로구,2815.항동지구 7단지 정문,2815,2815
영남2팀,동작구,4152. 상도효성해링턴플레이스,4152,4152
학여울1팀,강남구,3604. 삼성중앙역 5번출구,3604,3604
천호1팀,강동구,3653. 강동리버스트4단지아파트 404동 앞,3653,3653
중랑3팀,중랑구,4829. 신내동 한살림 중랑지구 북축,4829,4829
학여울2팀,송파구,1287. 위례아이파크 101동 맞은편,1287,1287
도봉4팀,강북구,1537. 북한산 우이역,1537,1537
개화3팀,강서구,1183. KC 대학교,1183,1183
학여울1팀,강남구,2312. 청담역 13번 출구 앞,2312,2312
이수3팀,서초구,2233. 서초신동아1차아파트 옆,2233,2233
천호2팀,송파구,4862. 성내교 남단,4862,4862
상암2팀,은평구,975.백련산 힐스테이트상가앞,975,975.
도봉2팀,노원구,1660. 서울시립과학관,1660,1660
학여울1팀,강남구,2364. 도산공원교차로,2364,2364
학여울1팀,강남구,2360. 도곡1동 주민센터 교차로,2360,2360
중랑3팀,중랑구,1441. 신내능말공원,1441,1441
훈련원4팀,동대문구,638. 서울시립대 정보기술관,638,638.
세종로 4팀,용산구,866.브라운스톤 남산아파트,866,866.
훈련원2팀,성북구,1367. 길음문화복합미디어센터,1367,1367
영남3팀,영등포구,4599. 대림우성아파트 사거리,4599,4599
상암2팀,서대문구,3107. 연희초등학교 앞,3107,3107
상암1팀,마포구,425. DMC첨단산업센터,425,425.
천호1팀,강동구,3655. 둔촌신성미소지움아파트,3655,3655
영남2팀,관악구,2178. 서울대학교 정문,2178,2178
천왕1팀,구로구,3903. 현대아파트 앞,3903,3903
천왕1팀,구로구,3917. 성공회대학교,3917,3917
천호1팀,강동구,3692. 둔촌오륜역 1번 출구,3692,3692
훈련원1팀,종로구,343. 예일빌딩(율곡로) 앞,343,343.
이수1팀,서초구,2205. 내곡3단지 어린이공원 앞,2205,2205
도봉3팀,도봉구,1768.신동아타워 버스정류소,1768,1768
학여울2팀,강남구,3643. 더시그넘하우스 앞,3643,3643
학여울1팀,강남구,2319. 포스코사거리 서측(수협 삼성동 지점),2319,2319
학여울1팀,강남구,2389. 경기여자고등학교 후문 (삼성로3길 입구),2389,2389
중랑1팀,광진구,3537. 아차산 휴먼시아 아파트 옆,3537,3537
천호1팀,강동구,1032. 선사고등학교,1032,1032
중랑1팀,광진구,3543. 세종대학교(학술정보원),3543,3543
세종로 4팀,중구,441.염천교사거리,441,441.
상암3팀,은평구,4683. 은평 성모병원 사거리,4683,4683
중랑1팀,광진구,3588.세종대학교(영실관),3588,3588
도봉2팀,노원구,4033. 녹천역 4번 출구 옆,4033,4033
학여울2팀,송파구,4874. 탄천1교 하부보도,4874,4874
도봉1팀,노원구,4035. 수락 행복발전소 앞,4035,4035
학여울1팀,강남구,2356. 강남구청,2356,2356
세종로3팀,용산구,840. 용산 파크타워 앞,840,840.
개화2팀,강서구,3770. 남부순환로 205,3770,3770
천호1팀,강동구,1031. 올림픽로 836(아리수로),1031,1031
학여울2팀,송파구,1241. 문정 법조단지5,1241,1241
학여울1팀,강남구,2396. 영동3교 북단(우성캐릭터 앞 보도),2396,2396
중랑3팀,중랑구,4821. 동원초등학교 정문 앞,4821,4821
도봉3팀,도봉구,1732. 우리은행 앞,1732,1732
이수2팀,동작구,2069. 숭실대 입구역3번 출구 앞,2069,2069
천왕1팀,양천구,760. 잣절보도육교 아래,760,760.
상암1팀,마포구,4207. 아만티호텔 앞,4207,4207
천왕3팀,금천구,1825. 한신아파트 앞 육교 아래,1825,1825
도봉2팀,노원구,1693. 원자력 병원,1693,1693
훈련원2팀,성북구,1325. 상월곡역 4번출구,1325,1325
천왕1팀,구로구,3906. 천왕차량사업소 입구,3906,3906
영남2팀,관악구,2190.도원맨션,2190,2190
천호1팀,강동구,3675. 강동리버스트8단지,3675,3675
세종로 4팀,용산구,4627. 효창공원앞역 5번출구 옆,4627,4627
이수1팀,서초구,2550.양재동 꽃시장 건너편,2550,2550
훈련원4팀,동대문구,606. 휘경공고앞,606,606.
이수1팀,서초구,2501. 서초 포레스타5단지,2501,2501
세종로2팀,중구,468.웨스틴 조선호텔,468,468.
천왕2팀,구로구,1976. 남구로역 5번 출입구 앞,1976,1976
상암2팀,서대문구,167. 연가초등학교 옆,167,167.
중랑1팀,광진구,572. 국립정신 건강센터 앞,572,572.
천왕3팀,금천구,1845. 롯데캐슬골드파크1차 서문,1845,1845
상암3팀,은평구,995.은평다목적체육관,995,995.
개화2팀,강서구,3797. 마곡수명산파크7단지 710동 앞,3797,3797
상암1팀,마포구,4251. 공덕역 경의선숲길 커뮤니티센터,4251,4251
도봉3팀,도봉구,4058. 다락원체육공원 전망대 입구,4058,4058
천호1팀,강동구,3673. 강동리버스트6단지,3673,3673
영남2팀,관악구,3807. 관악우체국 교차로,3807,3807
학여울1팀,강남구,2339. 현대아파트 정문 앞,2339,2339
이수2팀,동작구,2062. 사당새마을금고,2062,2062
세종로 4팀,용산구,4621. 남산도서관 앞,4621,4621
상암3팀,은평구,925. 불광역 2번출구,925,925.
도봉4팀,강북구,1516. 우이초등학교 후문 옆,1516,1516
도봉2팀,노원구,1646. 삼육대 입구,1646,1646
천왕3팀,금천구,3980. 금천현대홈타운 후문 서부샛길,3980,3980
훈련원1팀,중구,371. 동대입구역 6번출구 뒤,371,371.
개화1팀,강서구,2716.롯데 R&D 센터,2716,2716
이수2팀,동작구,2024. 상도역 1번출구,2024,2024
영남3팀,영등포구,4591. 신길자이아파트,4591,4591
세종로3팀,용산구,848. 삼각지12번 출구,848,848.
영남3팀,영등포구,4578.보라매sk뷰,4578,4578
천호2팀,송파구,4493. 마천사거리 2,4493,4493
천호1팀,강동구,3676. 강동리엔파크9단지,3676,3676
상암2팀,은평구,4665. 응암역3번 출구(서부경찰서 방면),4665,4665
학여울1팀,강남구,2385. 학동역,2385,2385
학여울2팀,강남구,2422.수서동 성당 맞은편,2422,2422
상암2팀,은평구,965. 서울특별시 은평병원,965,965.
도봉3팀,도봉구,1723. 방학동학마을도서관,1723,1723
이수3팀,서초구,2297. 남부터미널역 1번출구,2297,2297
학여울2팀,강남구,2426.강남한신휴플러스 6단지,2426,2426
학여울2팀,강남구,3644. 상록수아파트,3644,3644
영남2팀,관악구,2127. 난곡종점,2127,2127
영남3팀,영등포구,4555. 대림우성2차아파트,4555,4555
천왕3팀,금천구,1809. LG전자 별관동(호서대 벤처타워 맞은편),1809,1809
천왕1팀,구로구,3912. 삼호아파트 앞,3912,3912
상암3팀,은평구,953. 서울연신초등학교,953,953.
세종로3팀,용산구,"4605. 노들섬 다목적홀(동쪽) 숲, 앞",4605,4605
상암1팀,서대문구,160. 북아현동 가구거리,160,160.
상암1팀,서대문구,141. 연대 대운동장 옆,141,141.
도봉3팀,도봉구,1736. 버스정류장 앞,1736,1736
학여울1팀,강남구,3629. 청담사거리(신한오피스텔빌딩 앞),3629,3629
이수1팀,서초구,2293. SPC 앞,2293,2293
도봉3팀,도봉구,1727. 서울도봉초등학교인근,1727,1727
영남2팀,동작구,2065. 서울시여성가족재단,2065,2065
훈련원1팀,종로구,337. 창경궁 입구,337,337.
중랑3팀,중랑구,4836. 양원역 1번 출구,4836,4836
이수3팀,서초구,2212.서초현대4차아파트 201동 맞은편,2212,2212
학여울2팀,송파구,1285. 위례별 유치원 뒤,1285,1285
도봉3팀,도봉구,1758.북서울교회 버스정류소 앞,1758,1758
도봉3팀,도봉구,1702. 녹천역 1번출구 앞,1702,1702
개화4팀,양천구,757. 신정이펜하우스 1단지아파트 입구 사거리,757,757.
영남2팀,동작구,2008. 노량진근린공원 대방공원,2008,2008
천왕3팀,금천구,3969. 독산역 롯데캐슬 104동 앞,3969,3969
상암2팀,서대문구,3127.홍은2파출소 옆,3127,3127
학여울2팀,강남구,2344. 리엔파크 2단지 앞,2344,2344
도봉2팀,노원구,2903.월계초안아파트 1단지,2903,2903
이수2팀,서초구,2229.로고스교회 맞은 편,2229,2229
이수3팀,서초구,2547.포드서초서비스센터앞,2547,2547
학여울1팀,강남구,4905. 강남경찰서,4905,4905
천호2팀,송파구,1275. 거여초등학교 옆,1275,1275
훈련원3팀,동대문구,636. 세종대왕기념관 교차로,636,636.
세종로2팀,중구,470.회현역 7번출구,470,470.
훈련원3팀,동대문구,667.청량차도 육교 밑,667,667.
개화1팀,강서구,3776. 김포공항교차로,3776,3776
영남2팀,관악구,2172. 나들목공원,2172,2172
상암1팀,마포구,4246. 상수역새마을금고,4246,4246
이수1팀,서초구,2243.서울가정법원,2243,2243
천호1팀,강동구,3686. 고덕 래미안 힐스테이트(101동),3686,3686
개화4팀,양천구,745. 강서초등학교,745,745.
이수3팀,서초구,2268. 서초4동주민센터,2268,2268
도봉4팀,강북구,1543. 수유1동 주민센터,1543,1543
세종로2팀,중구,4774. 을지로입구역 8번출구,4774,4774
훈련원1팀,중구,382. 약수역 10번출구 앞,382,382.
이수3팀,서초구,4307. 고투몰 gate 15옆,4307,4307
이수2팀,동작구,4173. 중대후문 마을버스정류장,4173,4173
천호1팀,강동구,1083.광문고교사거리(아이파크),1083,1083
영남3팀,영등포구,271. 샛강생태공원방문자센터 앞,271,271.
개화3팀,강서구,1137. 등촌2동주민센터,1137,1137
상암2팀,은평구,909. 백련산 힐스테이트 3차,909,909.
중랑1팀,광진구,3880. 홍련봉 공원,3880,3880
상암3팀,은평구,922. 연신내역 4번출구,922,922.
이수2팀,관악구,3813. 낙성대역 5번출구,3813,3813
이수3팀,서초구,4313. 반포종합운동장,4313,4313
도봉1팀,노원구,1664. 노해근린공원내,1664,1664
개화1팀,강서구,1198. LG 사이언스파크,1198,1198
영남1팀,영등포구,233. 양평1동 YP센터 앞,233,233.
도봉3팀,도봉구,1713. 쌍문동 이안아파트 앞,1713,1713
학여울1팀,강남구,2373. 개포동역 사거리,2373,2373
천왕2팀,구로구,1916. 구로중학교앞,1916,1916
도봉4팀,강북구,3711. 월계2교 교차로,3711,3711
영남3팀,영등포구,3211.신길 래미안 프레비뉴,3211,3211
학여울1팀,강남구,2394. 개포래미안포레스트아파트 107동 앞,2394,2394
학여울2팀,송파구,2625.가락종합 사회복지관,2625,2625
개화3팀,강서구,3761. 나이아가라관광호텔,3761,3761
학여울1팀,강남구,"2419.봉은사역 1,2번 출구",2419,2419
학여울1팀,강남구,2314. 청담나들목입구,2314,2314
천호1팀,강동구,1056. 강일리버파크 7~11단지,1056,1056
훈련원2팀,성북구,1344. 아리랑시네센터 앞,1344,1344
천호2팀,송파구,4472. 송파파크데일 1단지 115동 건너편,4472,4472
세종로1팀,종로구,446. 상명대입구,446,446.
학여울1팀,강남구,2328. 르네상스 호텔 사거리 역삼지하보도 7번출구 앞,2328,2328
상암2팀,서대문구,192. 연서어린이공원,192,192.
세종로2팀,중구,4775. 을지로지하쇼핑센터,4775,4775
훈련원4팀,동대문구,652. 답십리 래미안엘파인아파트 입구,652,652.
천왕3팀,금천구,1859. 대륭테크노타운 18차,1859,1859
천왕3팀,금천구,1831. 메이퀸웨딩컨벤션 앞,1831,1831
학여울1팀,강남구,2430.강남파이낸스센터앞(역삼역2번출구),2430,2430
도봉4팀,강북구,1515. 송천동 주민센터,1515,1515
도봉4팀,강북구,1518. SK telecom(수유직영점) 앞,1518,1518
중랑1팀,광진구,3508. 화양사거리,3508,3508
상암3팀,은평구,927. 연신내역 3번출구 인근,927,927.
상암2팀,서대문구,3130.가재울사거리,3130,3130
중랑1팀,광진구,591. 건국대학교 (행정관),591,591.
학여울2팀,송파구,4863. 잠실나들목5,4863,4863
중랑3팀,중랑구,4838.동원사거리 행복오피스텔 앞,4838,4838
훈련원1팀,중구,347. 동대문역사문화공원역 9번출구 앞,347,347.
천호1팀,강동구,1057. 능골근린공원,1057,1057
상암1팀,마포구,142. 아현역 4번출구 앞,142,142.
중랑1팀,광진구,3863. 동일로58길 입구,3863,3863
천호1팀,강동구,3690. 강일역 4번출구,3690,3690
세종로2팀,중구,471.회현사거리 남측,471,471.
중랑2팀,성동구,506. 금호 어울림 아파트 앞,506,506.
도봉3팀,도봉구,4084. 도봉동실내스포츠센터,4084,4084
이수1팀,서초구,2263. 바우뫼문화복지회관,2263,2263
상암3팀,은평구,4676. 갈현1동 주민센터,4676,4676
상암2팀,서대문구,3132.홍제교,3132,3132
상암2팀,서대문구,4253. 홍은도담도서관,4253,4253
영남2팀,관악구,2139. 서울신성초등학교,2139,2139
상암2팀,서대문구,3129.DMC래미안e편한세상203동옆,3129,3129
천호1팀,강동구,1041. 묘곡초등학교,1041,1041
도봉3팀,도봉구,1751. 창원초등학교 교차로,1751,1751
학여울2팀,강남구,2341. 일원역 4~5번 출구 사이,2341,2341
상암1팀,마포구,413. 상암월드컵파크 3단지 후문,413,413.
이수1팀,서초구,2250. 서초유치원 맞은편,2250,2250
학여울2팀,송파구,4887. 호돌이상가,4887,4887
이수3팀,서초구,2237.서울남부터미널 대합실 입구,2237,2237
천호2팀,송파구,2617. 가락삼환아파트 앞,2617,2617
도봉3팀,도봉구,1725. 창1동주민센터,1725,1725
개화4팀,양천구,790.화곡고가 사거리,790,790.
천왕3팀,금천구,3985. 디폴리스 지식산업센터,3985,3985
세종로 4팀,용산구,845. 용산 선인상가,845,845.
천호2팀,송파구,4871. 오금동 대림아파트 정문,4871,4871
이수3팀,서초구,2542.신논현타워 앞,2542,2542
중랑3팀,중랑구,1472.영성빌딩(PAT),1472,1472
세종로1팀,종로구,349. 사직동주민센터,349,349.
중랑2팀,성동구,3558.마장동 금호어울림APT앞,3558,3558
중랑3팀,중랑구,1480. 용마지구대 옆,1480,1480
천호2팀,송파구,1299. 송파소방서 (방이119안전센터),1299,1299
개화1팀,강서구,3801. 이랜드글로벌R&D센터,3801,3801
훈련원2팀,성북구,1302. 한성대입구역6번출구 뒤,1302,1302
천호1팀,강동구,3665. 고덕센트럴 아이파크상가 앞,3665,3665
천호1팀,강동구,1063.강동롯데캐슬퍼스트 아파트(관리동),1063,1063
영남1팀,영등포구,3207.양남사거리1,3207,3207
훈련원3팀,동대문구,607. 신이문역 2번출구,607,607.
도봉2팀,노원구,4009. 월계프라자,4009,4009
세종로3팀,용산구,4615. 크라운호텔앞 버스정류소,4615,4615
훈련원1팀,종로구,3412.세운상가,3412,3412
영남2팀,관악구,2196. 봉천역 3번출구,2196,2196
중랑1팀,광진구,3853. 어린이대공원역 2번출구,3853,3853
도봉4팀,강북구,1574.송중초등학교 옆,1574,1574
천왕3팀,금천구,1854. 가산아네스트 오피스텔 앞,1854,1854
중랑1팀,광진구,555. 구의3동주민센터,555,555.
천왕3팀,금천구,1870.독산3동주민센터 앞,1870,1870
중랑1팀,광진구,3510. 중곡SK아파트앞,3510,3510
훈련원1팀,중구,4800. 필동 삼거리,4800,4800
이수1팀,서초구,2242.양재역 11번 출구 앞,2242,2242
세종로3팀,용산구,843. 녹사평역 광장,843,843.
천호2팀,송파구,1280. 송파파크데일 2단지입구 앞 주차장,1280,1280
도봉1팀,노원구,1672. 상계동수락리버시티,1672,1672
천호1팀,강동구,1018. 둔촌 주공 GS 맞은편,1018,1018
세종로 4팀,용산구,4616. 신용산지하차도 앞,4616,4616
학여울1팀,강남구,4902. 구역삼세무서 교차로,4902,4902
이수3팀,강남구,2421. 신논현역 4번출구,2421,2421
훈련원3팀,동대문구,677.청량리역 4번 5번출구 사이,677,677.
세종로2팀,중구,332. 을지로2가 사거리 남측,332,332.
도봉4팀,강북구,1554.번동사거리,1554,1554
천호1팀,강동구,3691. 둔촌역 2번출구,3691,3691
세종로3팀,용산구,4634. 이태원역 3번 출구,4634,4634
학여울2팀,강남구,2321. 학여울역 사거리,2321,2321
중랑3팀,중랑구,1457. 동원사거리,1457,1457
학여울1팀,강남구,2320. 도곡역 대치지구대 방향,2320,2320
훈련원2팀,성북구,1348. 성북제일새마을금고 본점 앞,1348,1348
훈련원2팀,성북구,1373. 성북구보건소 건너편,1373,1373
천호2팀,송파구,4458. 가락2동주민센터 인근,4458,4458
천왕3팀,금천구,1822. 서울 시흥동우체국 앞,1822,1822
훈련원3팀,동대문구,600. 휘경2동 주민센터,600,600.
훈련원1팀,종로구,452. 동대문 종합시장 버스정류장,452,452.
훈련원3팀,동대문구,4103. 휘경sk뷰아파트 앞,4103,4103
영남3팀,영등포구,282. 신한은행 대림동지점,282,282.
천호2팀,송파구,4462. 가락중학교 앞,4462,4462
이수3팀,서초구,2239.교대역 6번출구,2239,2239
상암2팀,서대문구,3122.북가좌삼거리2,3122,3122
이수3팀,서초구,2227.방배열린문화센터 앞,2227,2227
이수2팀,동작구,2026. 흑석역 4번출구,2026,2026
천왕3팀,금천구,1835. STX V타워,1835,1835
상암3팀,은평구,976.진관고등학교앞,976,976.
천왕1팀,구로구,1999. 수궁동 성당 주변,1999,1999
중랑2팀,성동구,3553.마장역3번출구,3553,3553
훈련원2팀,성북구,4414. 안암역 3번 출구,4414,4414
천호2팀,송파구,2655.송이공원,2655,2655
이수3팀,서초구,4306. 서래공원 앞,4306,4306
학여울1팀,강남구,2330. 역삼월드메르디앙아파트 앞,2330,2330
천호1팀,강동구,1042. 강일리버파크 2~5단지,1042,1042
영남3팀,영등포구,4589. KRX한국거래소(1),4589,4589
상암1팀,서대문구,3115.북아현 치안센터 인근,3115,3115
이수3팀,강남구,2409. 역삼동 디오슈페리움 (우성아파트 사거리),2409,2409
개화4팀,양천구,4534. 월정초교 앞 사거리,4534,4534
중랑2팀,성동구,4360. 르노삼성자동차 성수사업소 앞,4360,4360
훈련원2팀,성북구,1340. 광운초등학교 앞,1340,1340
천호1팀,강동구,1067.한영중고앞사거리,1067,1067
상암2팀,서대문구,3110.홍은 현대아이파크 아파트 202동 앞,3110,3110
중랑3팀,중랑구,1425. 용마문화복지센터,1425,1425
상암3팀,은평구,946. 독바위역,946,946.
학여울2팀,송파구,4480. 가락시장 남1문 사거리,4480,4480
세종로1팀,종로구,351. 청운초교 앞 삼거리,351,351.
영남3팀,영등포구,4563. 여의도 은하아파트,4563,4563
이수2팀,관악구,2186. 낙성대입구삼거리,2186,2186
천호1팀,강동구,1025. 상일초등학교,1025,1025
이수3팀,서초구,2299. 한전아트센터 앞,2299,2299
학여울1팀,강남구,2313. 금원빌딩 앞,2313,2313
천호2팀,송파구,1291. 서울체육고등학교 앞,1291,1291
천호1팀,강동구,1070.(시립)고덕평생학습관,1070,1070
도봉3팀,도봉구,4073.방아골종합사회복지관,4073,4073
영남2팀,관악구,2144. 난우길입구,2144,2144
도봉4팀,강북구,1532. 번3동 주민센터 교차로,1532,1532
상암1팀,마포구,118. 광흥창역 2번출구 앞,118,118.
천왕1팀,구로구,3908. 오류동 다숲오피스텔 앞,3908,3908
영남3팀,영등포구,260. 여의도 마리나선착장 앞,260,260.
도봉4팀,강북구,3718. 번동 SK LPG 충전소,3718,3718
학여울1팀,강남구,4901.KT&G타워 옆(상상마당 대치아트홀),4901,4901
천왕3팀,금천구,3977. 말미사거리,3977,3977
상암1팀,마포구,406. 상암월드컵파크 7단지 앞,406,406.
학여울2팀,강남구,3618. 서울율현초교 삼거리,3618,3618
학여울2팀,강남구,3642. LH강남힐스테이트아파트,3642,3642
세종로2팀,중구,331. 을지로2가 사거리 북측,331,331.
세종로1팀,종로구,309. 광화문역 6번출구 옆 B,309,309.
천왕2팀,구로구,1998. 고척교 교차로,1998,1998
도봉4팀,강북구,1568.4.19민주묘지 입구사거리,1568,1568
도봉3팀,도봉구,1706. 기업은행 앞,1706,1706
훈련원2팀,성북구,1358. 정릉도서관 앞,1358,1358
천호1팀,강동구,3694. 강동리엔파크 11단지,3694,3694
상암1팀,서대문구,140. 이화여대 후문,140,140.
개화1팀,강서구,1159. 서서울모터리움 앞,1159,1159
영남3팀,영등포구,5855. 하이투자증권 앞,5855,5855
이수1팀,서초구,2537.양재역 8번출구 앞,2537,2537
이수2팀,동작구,2027. 중앙대학교 정문 1,2027,2027
이수3팀,서초구,2213. 고속터미널역 5번출구 앞,2213,2213
학여울2팀,송파구,2631.배명고등학교,2631,2631
훈련원3팀,동대문구,666.이문대성유니드아파트 앞,666,666.
중랑3팀,중랑구,1420. 신내어울공원 앞,1420,1420
세종로1팀,종로구,3425.광화문 풍림스페이스본 1단지앞,3425,3425
세종로 4팀,용산구,4618. 풍전아파트 건너편,4618,4618
상암1팀,서대문구,3104. e편한세상 신촌4단지 앞,3104,3104
세종로 4팀,용산구,852.청암자이APT(103동),852,852.
학여울2팀,강남구,3623. 일원에코파크 앞(개포로 방면),3623,3623
학여울1팀,강남구,4906. 섬유센터 앞,4906,4906
천왕1팀,구로구,1993. 금강수목원아파트 앞,1993,1993
천왕2팀,금천구,1812. 갑을그레이트밸리 앞,1812,1812
도봉2팀,노원구,1641. 한내근린공원 남측,1641,1641
천호2팀,송파구,4889. 마천역 1번 출구 인근②,4889,4889
영남3팀,영등포구,285. 대림3동사거리(하나은행),285,285.
상암2팀,은평구,979.원풍빌라앞,979,979.
이수1팀,서초구,4303. 매헌역 2번출구앞광역버스 정류장앞(22-297),4303,4303
도봉4팀,강북구,1536. 번동 두산위브 101동 옆,1536,1536
천왕1팀,구로구,2819.하늘숲초등학교 앞,2819,2819
상암3팀,은평구,923. 국민은행 연서지점,923,923.
천왕1팀,구로구,3918. 이좋은집오피스텔 앞,3918,3918
개화3팀,강서구,5067. 주원 리젠트 앞,5067,5067
개화4팀,양천구,712. 강월초교입구 사거리,712,712.
상암1팀,마포구,436. 이대역 5번출구,436,436.
중랑3팀,중랑구,4808. 신내2동 주민센터 앞,4808,4808
천왕3팀,금천구,3983. 금천구청역 1번 출구,3983,3983
훈련원4팀,동대문구,630. 동대문구 보건소,630,630.
상암1팀,마포구,4206. 광흥창역5번출구,4206,4206
이수2팀,관악구,2128. 관악구청교차로,2128,2128
훈련원4팀,동대문구,4107. 장안동근린공원 입구,4107,4107
상암1팀,서대문구,135. 명물길 원형무대 앞,135,135.
훈련원1팀,종로구,3411.종묘,3411,3411
천왕1팀,구로구,1936. 개봉역 1번 출구 자전거보관서쪽,1936,1936
세종로 4팀,용산구,4603. 한강GS에클라트 건너편 교통섬,4603,4603
상암3팀,은평구,960. 구파발역 환승센터,960,960.
도봉4팀,강북구,1519. 세븐일레븐 수유장미원점 앞,1519,1519
중랑2팀,성동구,520. 상왕십리역 4번 출구 앞,520,520.
훈련원2팀,성북구,1360. 정릉역,1360,1360
영남3팀,영등포구,251. 서울지방병무청 버스정류장,251,251.
학여울2팀,송파구,4880. 송파청소년센터,4880,4880
상암1팀,서대문구,198. 충정2교,198,198.
훈련원1팀,중구,430. KEB하나은행 장충동지점,430,430.
천호2팀,송파구,4469. 거여동 어울림아파트 102동앞,4469,4469
이수3팀,서초구,2509. 심산기념문화센터,2509,2509
학여울2팀,송파구,1266. 문정동 글샘 공원,1266,1266
개화4팀,양천구,713. 양서중학교 옆,713,713.
도봉1팀,노원구,1628. 노일초등학교 앞,1628,1628
영남3팀,영등포구,298.KBS 연구동 건너편,298,298.
천호2팀,송파구,4499. 세양청마루 101동 앞,4499,4499
이수2팀,관악구,2198.사랑의병원,2198,2198
상암2팀,서대문구,3101. 서대문구청,3101,3101
천왕3팀,금천구,1829. 홈플러스 금천점 앞,1829,1829
이수1팀,강남구,"2359. 국립국악중,고교 정문 맞은편",2359,2359
영남1팀,영등포구,3221.서울특별시 남부교육지원청,3221,3221
영남3팀,영등포구,299.여의도 순복음교회,299,299.
학여울1팀,강남구,2315. 봉은사역 5번출구 옆,2315,2315
훈련원4팀,동대문구,639. 서울시립대 후문,639,639.
상암1팀,마포구,416. 상암월드컵파크 1단지 교차로,416,416.
상암1팀,서대문구,3116.신촌역 4번출구,3116,3116
세종로3팀,용산구,810. 이태원지하보도,810,810.
중랑3팀,중랑구,4835. 망우동 본죽 앞,4835,4835
영남2팀,관악구,2145. 은천초등학교 육교,2145,2145
훈련원2팀,성북구,1388. 돈암초교입구 버스정류장(한성대입구역 방면),1388,1388
천호2팀,송파구,4857. 올림픽공원 장미광장,4857,4857
영남2팀,동작구,2084.e편한세상 상도노빌리티 앞,2084,2084
천왕3팀,금천구,3963. 에이스 하드웨어(시흥대로 396) 앞,3963,3963
개화2팀,강서구,1187. 강서수산물도매시장,1187,1187
상암1팀,서대문구,3113.독립문역사거리,3113,3113
도봉4팀,강북구,1528. 삼각산동 주민센터,1528,1528
중랑2팀,성동구,538. 답십리역 8번출구 앞,538,538.
도봉3팀,도봉구,1775.신원리베르텔 앞,1775,1775
이수3팀,서초구,2503. 반포1동 서초빌딩 앞,2503,2503
천호2팀,송파구,2627.문정시영아파트 5동 앞 공원,2627,2627
개화2팀,강서구,1130. 화곡본동시장 버스정류장,1130,1130
중랑2팀,성동구,3545.한양대역 1번출구,3545,3545
학여울2팀,송파구,4886. 배명고등학교 건너편,4886,4886
상암1팀,마포구,4224. 서부운전면허시험장,4224,4224
세종로1팀,중구,391. 시립미술관,391,391.
세종로2팀,종로구,4707. 청계3가 사거리,4707,4707
중랑2팀,성동구,4370. 서울숲IT캐슬 앞,4370,4370
학여울1팀,강남구,2325. 대치삼성아파트 앞 교차로,2325,2325
천호2팀,송파구,4855. 거여5단지 503동 앞,4855,4855
상암1팀,마포구,3008.DMC역7번출구,3008,3008
상암1팀,마포구,402. 상암월드컵파크 9단지 앞,402,402.
훈련원1팀,중구,476.광희문,476,476.
훈련원2팀,성북구,1303. 돈암초교 입구,1303,1303
도봉3팀,도봉구,4074. 도봉구육아종합지원센터(창동),4074,4074
천호2팀,송파구,1256. 문정현대아파트 교차로,1256,1256
영남2팀,관악구,2185. 대학동 고시촌,2185,2185
상암3팀,은평구,954. 은평뉴타운구파발9단지,954,954.
중랑2팀,성동구,518. 청계천 박물관 앞,518,518.
훈련원2팀,성북구,1364. 성북동 치안센터 앞,1364,1364
상암1팀,마포구,121. 마포소방서 앞,121,121.
이수2팀,관악구,2167. 낙성대역 1번출구,2167,2167
상암2팀,서대문구,195. 모래내고가차도,195,195.
학여울2팀,송파구,2603. 송파 글마루 도서관,2603,2603
상암3팀,은평구,4671. 청구성심병원 앞,4671,4671
천왕3팀,금천구,3956. 대륭테크노타운21차 앞,3956,3956
훈련원3팀,동대문구,656. 영휘원 교차로,656,656.
상암2팀,은평구,948. 디지털미디어 시티역 4번출구(DMC역),948,948.
상암3팀,은평구,"4663. 불광역3,6호선 버스정류장(동명여고 방면)",4663,4663
세종로2팀,종로구,328. 탑골공원 앞,328,328.
이수2팀,관악구,2122. 낙성대로 입구,2122,2122
상암1팀,마포구,4211. 시석빌딩 앞,4211,4211
이수2팀,동작구,2036. 정금마을 마을버스정류장,2036,2036
개화2팀,양천구,4530. 방아다리어린이공원,4530,4530
천호1팀,강동구,1049. 강일리버파크 10단지,1049,1049
천호2팀,송파구,4856. 올림픽공원 서1문 앞,4856,4856
영남1팀,양천구,748. 목동운동장,748,748.
이수3팀,서초구,2271. 내방역 8번출구 앞,2271,2271
중랑1팀,광진구,3873. 동서울우편집중국 앞,3873,3873
이수3팀,서초구,2215. 반포종합운동장 입구,2215,2215
학여울2팀,송파구,2634.위례포레샤인아파트 2318동,2634,2634
도봉1팀,노원구,1634. 당고개공원 대여소,1634,1634
이수3팀,서초구,2214. 신반포역 2번출구 앞,2214,2214
학여울2팀,송파구,1240. 문정 법조단지4,1240,1240
도봉3팀,도봉구,4054. KT프라자도봉점 맞은편,4054,4054
천왕1팀,구로구,1981. 천왕이펜하우스5단지 앞,1981,1981
학여울2팀,송파구,1217. 송파파인타운 7단지,1217,1217
세종로2팀,중구,318. 광교사거리 남측,318,318.
훈련원2팀,성북구,1349. 월계2교 버스정류장 앞,1349,1349
천호1팀,강동구,1026. 대명초교 입구 교차로,1026,1026
천왕1팀,구로구,2820.신세기아파트 앞,2820,2820
개화4팀,양천구,720. 서울강월초등학교 앞,720,720.
훈련원2팀,성북구,1343. 한성대7번출구 앞,1343,1343
상암1팀,서대문구,180. 충정로역 7번출구 아래,180,180.
천호2팀,송파구,1230. 송파중학교 정문,1230,1230
도봉3팀,도봉구,4083.도봉아이나라도서관 앞,4083,4083
천호2팀,송파구,2654.올림픽선수촌아파트 136동 앞,2654,2654
학여울2팀,송파구,2657.송파 파인타운 11단지,2657,2657
도봉3팀,도봉구,1772.시립도봉노인복지관 버스정류소,1772,1772
상암1팀,마포구,125. 서강대 남문 옆,125,125.
상암1팀,마포구,405. DMC빌 앞,405,405.
훈련원1팀,중구,4793. 동대문역사문화공원역 5번출구,4793,4793
상암1팀,마포구,185. 마포 신수공원 앞,185,185.
학여울1팀,강남구,2405. 청담공원앞 교차로,2405,2405
이수2팀,동작구,2037. 동작역 5번출구 동작주차공원,2037,2037
중랑3팀,중랑구,4803. 상봉2동 주민센터 앞,4803,4803
도봉4팀,강북구,1557.신창교,1557,1557
도봉3팀,도봉구,1770.도봉한신아파트 주변,1770,1770
훈련원1팀,중구,372. 약수역 3번출구 뒤,372,372.
개화4팀,양천구,710. 금옥여고보도육교,710,710.
세종로 4팀,용산구,850. KCC용산월츠타워,850,850.
도봉1팀,노원구,4002. 상계주공 14단지 상가 앞,4002,4002
중랑3팀,중랑구,1468.먹골역 7번 출구,1468,1468
영남1팀,영등포구,4588.양남사거리2,4588,4588
학여울1팀,강남구,3651. 개포동역 4번출구,3651,3651
이수2팀,서초구,2228.뒷벌공원 옆,2228,2228
천호1팀,강동구,1073.SSTS 몰 앞,1073,1073
훈련원2팀,성북구,1326. 상월곡역 1번출구,1326,1326
천왕3팀,금천구,1828. 한양수자인아파트 앞,1828,1828
천호1팀,강동구,1016. 해뜨는 주유소옆 리엔파크 109동앞,1016,1016
상암1팀,마포구,4202. 프런트원(공덕역4번출구 앞),4202,4202
이수3팀,서초구,2259. 잠원역 3번-4번 출구사이,2259,2259
학여울2팀,강남구,2420.학여울역 사거리(LG베스트샵 앞),2420,2420
영남3팀,영등포구,250. 대림아파트 사거리,250,250.
영남2팀,동작구,2020. 장승배기역2번출구뒷편쪽,2020,2020
중랑3팀,중랑구,4826. 홈플러스 면목점,4826,4826
이수3팀,서초구,2266. 서초역 3번출구,2266,2266
상암1팀,마포구,122. 신성기사식당 앞,122,122.
학여울1팀,강남구,2317. 삼성도로공원,2317,2317
개화4팀,강서구,1145. 곰달래 문화복지센터 1-2,1145,1145
이수1팀,서초구,2251. 더케이호텔 입구(양재2),2251,2251
천왕2팀,금천구,1840. 솔브레인이엔지 뒤편,1840,1840
도봉2팀,노원구,1671. 인덕대학교,1671,1671
도봉1팀,노원구,1696.수락리버시티4단지,1696,1696
도봉4팀,강북구,1553.예수그리스도후기성도교회 앞,1553,1553
세종로1팀,중구,4797. KG타워 앞,4797,4797
학여울2팀,송파구,1296. 석촌호수교차로 (송파나루근린공원 앞),1296,1296
이수3팀,서초구,2504. 신사역 4번출구 뒤,2504,2504
중랑3팀,중랑구,1405. 망우역 1번출구,1405,1405
상암1팀,마포구,440. 하늘공원 입구,440,440.
상암1팀,마포구,4216. 망원정 앞,4216,4216
중랑2팀,성동구,3525. 금호스포츠센터앞,3525,3525
이수3팀,서초구,2528.함지박 사거리,2528,2528
천호2팀,송파구,4860. 가락쌍용2차아파트 103동,4860,4860
상암3팀,은평구,903. 은평뉴타운 아이파크,903,903.
세종로3팀,용산구,864.순천향대학병원(한남오거리),864,864.
영남2팀,관악구,2174. 삼성디지털프라자관악점,2174,2174
도봉1팀,노원구,1659. 중계동 을지중학교,1659,1659
천호1팀,강동구,1068.명일파출소,1068,1068
상암3팀,은평구,919. 서울혁신파크,919,919.
상암1팀,마포구,4212. 한화오벨리스크 앞,4212,4212
상암1팀,마포구,408. LG CNS앞,408,408.
이수3팀,강남구,2362. 신사동 가로수길 입구,2362,2362
상암3팀,은평구,963. 대호프라자아파트,963,963.
중랑3팀,중랑구,1474.서울중랑우체국,1474,1474
천호2팀,송파구,4463. 방이역 2번 출구,4463,4463
개화4팀,양천구,714. 한국SGI 양천문화회관 앞,714,714.
도봉3팀,도봉구,1750. 창포원 남쪽 입구,1750,1750
상암1팀,마포구,150. 서강대역 2번출구 앞,150,150.
훈련원2팀,성북구,4420. 성북구 한예종 캠퍼스 별관,4420,4420
훈련원3팀,동대문구,647. 신이문역 1번출구,647,647.
도봉3팀,도봉구,1715. 서울특별시교육청도봉도서관,1715,1715
도봉4팀,강북구,1526. 수유동 채선당앞,1526,1526
중랑1팀,광진구,3505. 신양초교앞 교차로,3505,3505
상암1팀,마포구,129. 신촌역(2호선) 6번출구 옆,129,129.
개화4팀,양천구,777.신월6차보람아파트 앞,777,777.
학여울2팀,강남구,2408. 강남한양수자인아파트,2408,2408
도봉3팀,도봉구,1734. 쌍문현대1차아파트 108동 앞,1734,1734
개화1팀,강서구,3787. 가양나들목,3787,3787
학여울2팀,강남구,2411. 세곡동 성당,2411,2411
영남3팀,영등포구,235. 신길동 우리은행 옆,235,235.
훈련원2팀,성북구,1346. 길음8골어린이공원 옆,1346,1346
상암1팀,마포구,407. 마포구 육아종합지원센터,407,407.
상암1팀,서대문구,115. 마스타 빌딩 앞,115,115.
훈련원3팀,동대문구,676.FITI시험연구원 앞,676,676.
상암3팀,은평구,4653. 불광역 9번 출구 맞은편,4653,4653
상암1팀,마포구,156. 서울서부지방법원 앞,156,156.
세종로2팀,중구,324. 신세계백화점 본점 앞,324,324.
개화4팀,양천구,733. 신정이펜하우스314동,733,733.
학여울2팀,송파구,4893. 문정법조단지12,4893,4893
천호1팀,강동구,3658. 프라이어팰리스아파트,3658,3658
도봉3팀,도봉구,"1735. 도봉역 1,2번 출구사이 건너편",1735,1735
영남1팀,영등포구,4601.양평역2번출구 뒤,4601,4601
훈련원1팀,중구,336. 티마크 호텔 앞,336,336.
중랑1팀,광진구,3529. 어린이대공원정문,3529,3529
학여울1팀,강남구,2418.봉은사역 7번 출구,2418,2418
도봉3팀,도봉구,1719. 신도봉사거리 버스정류장,1719,1719
이수1팀,서초구,2273. 일동제약 사거리,2273,2273
이수2팀,서초구,4318. 방배역 2번 출구,4318,4318
세종로 4팀,중구,4794. 서울역 서부교차로(3),4794,4794
훈련원4팀,동대문구,654. 전농동 텃골공원,654,654.
세종로2팀,중구,4778. 대신파이낸스센터,4778,4778
도봉3팀,도봉구,1771.성원APT버스정류소,1771,1771
훈련원1팀,종로구,457. 종로꽃시장 입구 옆,457,457.
상암1팀,마포구,3007.MBC 앞,3007,3007
천왕2팀,금천구,1839. 수출의 다리 아래,1839,1839
훈련원3팀,동대문구,665.이문동 쌍용아파트 정문,665,665.
학여울1팀,강남구,2365. K+ 타워 앞,2365,2365
훈련원1팀,종로구,455. 종로6가역 버스정류장(동대문 방향),455,455.
도봉3팀,도봉구,1746. 다이소방학점 앞,1746,1746
상암1팀,마포구,4208. 스타벅스(동교동) 앞,4208,4208
개화4팀,양천구,725. 양강중학교앞 교차로,725,725.
도봉4팀,강북구,1548. 북서울 꿈의숲 서문,1548,1548
천호2팀,송파구,"2626.경찰병원역 1,2번 출구 사이",2626,2626
이수2팀,관악구,2148. 낙성대역 3번출구 뒤,2148,2148
상암2팀,은평구,930. 구 서부경찰서 건너편,930,930.
학여울1팀,강남구,2372. 대치역 사거리,2372,2372
천왕3팀,금천구,1806. 에이스하이엔드타워9차 앞,1806,1806
중랑1팀,광진구,552. 대림아크로리버 앞,552,552.
훈련원2팀,성북구,1395.래미안장위포레카운티(102동),1395,1395
세종로1팀,종로구,305. 종로구청 옆,305,305.
이수2팀,동작구,2095.경문고등학교 앞,2095,2095
이수1팀,서초구,2206. 언남초등학교 앞,2206,2206
천왕3팀,금천구,1862.스타즈호텔독산 빌딩 앞,1862,1862
중랑2팀,성동구,536. 행당역 2번출구 앞,536,536.
상암2팀,서대문구,177. 북가좌 초등학교,177,177.
영남1팀,양천구,762. 오목로 무중력지대 앞,762,762.
개화2팀,강서구,5076. 메이필드호텔앞,5076,5076
상암1팀,서대문구,138. 신촌동 제1공영주차장 앞,138,138.
천왕3팀,금천구,1821. 홈플러스 시흥점 맞은편 다비치안경 앞,1821,1821
개화2팀,강서구,"5056. 마곡역4,5번출구",5056,5056
천호2팀,송파구,1207. 마천중앙시장,1207,1207
상암3팀,은평구,982. 녹번초등학교(서오릉로),982,982.
중랑3팀,중랑구,4837. 양원지구 힐데스하임 앞,4837,4837
이수3팀,강남구,3606. 신사동주민센터 옆,3606,3606
학여울2팀,송파구,4497. 아시아선수촌아파트 교차로,4497,4497
개화4팀,양천구,750. 연의근린공원 건너편,750,750.
개화2팀,강서구,3792. 화곡본동시장 입구,3792,3792
개화4팀,양천구,759. 보아스아파트 앞,759,759.
천왕3팀,금천구,1856. 모두의학교,1856,1856
도봉3팀,도봉구,1752. 창동 주공 4단지 입구 옆,1752,1752
이수1팀,서초구,2245.양재초등학교 맞은편,2245,2245
훈련원1팀,중구,389. 을지로4가역 1번출구,389,389.
중랑3팀,중랑구,1464.중화역 4번출구,1464,1464
도봉1팀,노원구,4034. 상계근린공원 운동장 앞,4034,4034
천왕1팀,양천구,743. 현대6차아파트 101동 옆,743,743.
세종로 4팀,중구,399. 서울역 센트럴 자이아파트,399,399.
천호1팀,강동구,1033. 고덕동 아남아파트,1033,1033
도봉3팀,도봉구,1722. 창동청소년수련관,1722,1722
영남1팀,양천구,4536. 양천해누리체육공원,4536,4536
훈련원4팀,동대문구,604. 답십리초등학교 옆 공원,604,604.
훈련원2팀,성북구,1368. 성신여대입구 교차로,1368,1368
도봉2팀,노원구,4039. 서울시 북부여성발전센터,4039,4039
도봉1팀,노원구,4042. 상계문화정보도서관,4042,4042
중랑2팀,성동구,4362. 행당중학교 후문,4362,4362
이수3팀,서초구,2277. 길마중4교 하부,2277,2277
도봉1팀,노원구,1654. 당고개입구 오거리,1654,1654
세종로2팀,종로구,354. 포르투갈 대사관 앞,354,354.
훈련원4팀,동대문구,628. 휘봉고등학교 앞,628,628.
이수3팀,강남구,2302. 교보타워 버스정류장(신논현역 3번출구 후면),2302,2302
도봉4팀,강북구,1527. 미아역 1번 출구 뒤,1527,1527
개화4팀,양천구,4520. 대성유니드아파트,4520,4520
중랑1팀,광진구,515. 광양중학교 앞,515,515.
영남3팀,영등포구,4576.보라매sk뷰 108동 앞,4576,4576
이수2팀,관악구,3311.서울대입구역 4번 출구,3311,3311
도봉3팀,도봉구,1748. 피자헛 앞(도봉병원 옆),1748,1748
상암3팀,은평구,904. 은평뉴타운 푸르지오,904,904.
천호1팀,강동구,1060. 천일초교 사거리,1060,1060
개화2팀,강서구,2731.명덕고교,2731,2731
도봉4팀,강북구,1564.4.19민주묘지역 1번출구,1564,1564
상암2팀,서대문구,188. 홍은동 정원여중 입구,188,188.
천호2팀,송파구,1300. 오륜사거리,1300,1300
중랑1팀,광진구,3516. 구의아리수정수센터앞,3516,3516
중랑3팀,중랑구,1430. 중랑구청,1430,1430
도봉1팀,노원구,1651. 상계동 우방유쉘아파트 앞,1651,1651
세종로 4팀,용산구,836. 현대자동차서비스 앞,836,836.
학여울1팀,강남구,2369. KT선릉타워,2369,2369
훈련원3팀,동대문구,4110. 용두롯데캐슬리치아파트 앞,4110,4110
훈련원2팀,성북구,4411. 동산어린이공원 앞,4411,4411
세종로2팀,종로구,335. 종로3가역 15번출구 앞,335,335.
천호2팀,송파구,1253. 오금역 3번 출구 뒤,1253,1253
천왕3팀,금천구,1833. 독산역 1번출구 앞 자전거보관소,1833,1833
중랑3팀,중랑구,1469.먹골역 4번출구,1469,1469
중랑3팀,중랑구,1465.중랑공영차고지 옆,1465,1465
이수3팀,서초구,2524.반포쇼핑타운 8동 앞,2524,2524
훈련원1팀,종로구,344. 성균관대 E하우스 앞,344,344.
개화4팀,양천구,706. 신정네거리역,706,706.
개화1팀,강서구,2743.동신아파트 104동 앞,2743,2743
학여울2팀,송파구,4467. 한림연예예술고등학교,4467,4467
훈련원1팀,종로구,3423.현대그룹(본사),3423,3423
학여울1팀,강남구,2429.압구정로데오역 6번출구,2429,2429
이수2팀,동작구,2082.7호선 이수역7번출구,2082,2082
학여울2팀,송파구,4875. 위례포레샤인13단지,4875,4875
이수2팀,관악구,3816. 관악 GSfresh,3816,3816
학여울2팀,송파구,4456. 위례포레샤인 2310동 부근,4456,4456
중랑1팀,광진구,3523. 건국대학교 과학관(이과대) 앞,3523,3523
중랑2팀,성동구,4367. kt 행당빌딩 앞,4367,4367
세종로2팀,종로구,464. 삼청동 골목,464,464.
이수3팀,서초구,2515.서초초등학교 후문,2515,2515
천왕3팀,금천구,3959. 시흥사거리(시흥동 994-3 앞),3959,3959
세종로1팀,종로구,307. 서울역사박물관 앞,307,307.
도봉1팀,노원구,2920.상계중학교(당현2교사거리),2920,2920
영남2팀,관악구,2156. 신림푸르지오아파트,2156,2156
훈련원1팀,종로구,359. 원남동사거리,359,359.
도봉3팀,도봉구,1716. 하나로마트 창동점,1716,1716
학여울2팀,강남구,2387. 래미안강남힐즈 사거리,2387,2387
중랑1팀,광진구,3507. 어린이회관,3507,3507
개화1팀,강서구,3795. 공항신성빌딩 앞,3795,3795
중랑3팀,중랑구,4828. 신내동 한살림 중랑지구 앞,4828,4828
중랑1팀,광진구,3864. 광진소방서 앞,3864,3864
상암2팀,서대문구,3123.DMC파크뷰자이1단지 110동 앞,3123,3123
이수2팀,관악구,2116. 에이스에이존빌딩,2116,2116
영남3팀,영등포구,4590. KRX한국거래소(2),4590,4590
세종로 4팀,중구,485.서울역5번출구,485,485.
영남2팀,관악구,2191.대학동주민센터,2191,2191
개화2팀,강서구,3767. 대원빌딩,3767,3767
학여울1팀,강남구,3628. 역삼1동 주민센터,3628,3628
훈련원1팀,종로구,358. 성대입구 사거리,358,358.
천왕3팀,금천구,3984. 가산롯데아이티캐슬,3984,3984
학여울1팀,강남구,2415.한티역 롯데백화점 앞,2415,2415
상암1팀,마포구,437. 대흥역 1번출구,437,437.
학여울2팀,송파구,1247. 문정 법조단지11,1247,1247
도봉3팀,도봉구,1729. 파리바게트앞,1729,1729
천호2팀,송파구,1271. 송파도서관,1271,1271
도봉3팀,도봉구,1754. 창동시장입구 사거리,1754,1754
이수3팀,서초구,2529.우리은행 방배동지점 앞,2529,2529
천호1팀,강동구,1015. 샛마을 근린공원,1015,1015
개화4팀,양천구,737. 장수공원,737,737.
세종로2팀,중구,321. KEB 하나금융그룹 명동사옥 옆,321,321.
훈련원2팀,성북구,4406. 장곡초등학교 앞,4406,4406
개화1팀,강서구,1178. 개화산역 2번 출구,1178,1178
도봉4팀,강북구,1560. 도봉세무서 앞,1560,1560
천왕1팀,구로구,1930. 개봉지구대 개봉치안센터,1930,1930
훈련원2팀,성북구,1394.길음뉴타운 래미안9단지,1394,1394
훈련원2팀,성북구,1339. 삼성전자서비스 성북센터,1339,1339
세종로1팀,종로구,3405.파크팰리스,3405,3405
영남2팀,동작구,2012. 대림사거리(동작상떼빌아파트),2012,2012
이수2팀,동작구,2034. 사당역 7번출구쪽,2034,2034
학여울2팀,송파구,4869. 잠실나들목6,4869,4869
영남3팀,영등포구,3204.도림고가도로 밑,3204,3204
이수3팀,서초구,2523.뉴코아 킴스클럽 앞,2523,2523
상암1팀,서대문구,162. 봉원고가차도 밑,162,162.
상암2팀,서대문구,3131.연가교 교차로,3131,3131
천왕3팀,금천구,1869.롯데캐슬골드파크3차 301동 앞,1869,1869
훈련원3팀,동대문구,640. 청량리역 2번출구,640,640.
훈련원2팀,성북구,4419. 성북구 한예종 캠퍼스 본관,4419,4419
개화1팀,강서구,3753. 공항중학교 버스정류장,3753,3753
영남2팀,관악구,3812. KT관악지점,3812,3812
세종로 4팀,용산구,820. 청파동입구 교차로,820,820.
중랑3팀,중랑구,1454. 한국전력공사(동대문 중랑지사),1454,1454
학여울2팀,강남구,2375. 수서역 1번출구 앞,2375,2375
천호2팀,송파구,2652.송파 레미니스1단지 102동 앞,2652,2652
세종로 4팀,용산구,806. 전자랜드 본관 앞,806,806.
개화4팀,양천구,4518. 청기와빌딩,4518,4518
상암1팀,마포구,4244. 당인리발전소 공원 앞,4244,4244
중랑2팀,성동구,586. 마장동 주민센터,586,586.
상암1팀,마포구,401. 상암월드컵파크 10단지 앞,401,401.
영남1팀,양천구,4512. 목동13_14단지 사거리,4512,4512
학여울1팀,강남구,3614. 은마아파트 입구 사거리,3614,3614
이수1팀,강남구,2333. 양재역 3번출구 주변,2333,2333
훈련원1팀,종로구,338. 세운스퀘어 앞,338,338.
중랑3팀,중랑구,4825. 신내동 벽산아파트 후문 앞,4825,4825
세종로2팀,종로구,454. 종로2가 버스정류장 (종각방향),454,454.
개화4팀,강서구,2712.화곡터널입구교차로,2712,2712
훈련원2팀,성북구,1305. 성북구청,1305,1305
상암1팀,마포구,4214. JTBC 앞,4214,4214
학여울2팀,강남구,2412. 일원1동 주민센터,2412,2412
천왕1팀,구로구,1937. 한진아파트 입구,1937,1937
도봉4팀,강북구,3707. 드래곤타워 앞,3707,3707
천왕1팀,구로구,1965. 삼환로즈빌아파트 105동 옆,1965,1965
훈련원3팀,동대문구,672.대광고등학교,672,672.
세종로1팀,중구,300. 정동사거리,300,300.
훈련원4팀,동대문구,4123. 배봉초교 교차로,4123,4123
이수3팀,강남구,2303. 논현역 10번출구,2303,2303
상암1팀,마포구,155. 가좌역1 번출구 앞,155,155.
학여울1팀,강남구,2308. 압구정파출소 앞,2308,2308
도봉4팀,강북구,1540. 가오리역,1540,1540
상암1팀,마포구,4238. 상암한샘빌딩앞,4238,4238
도봉4팀,강북구,"1533. 번동 주공3, 4단지 교차로",1533,1533
훈련원4팀,동대문구,610. 동대문중 교차로,610,610.
세종로3팀,용산구,809. 한남 유수지 복개주차장,809,809.
도봉2팀,노원구,2902.공릉풍림아파트 108동,2902,2902
중랑3팀,중랑구,1408. 먹골역 6번출구 앞,1408,1408
훈련원1팀,종로구,3414.종로5가역 4번출구,3414,3414
훈련원3팀,동대문구,601. 용신동주민센터,601,601.
개화4팀,양천구,4507. 신정제일시장,4507,4507
개화1팀,강서구,3793. 더리브골드타워,3793,3793
영남3팀,영등포구,241. 신길우성1차아파트 앞 공원,241,241.
이수2팀,관악구,3815. 광일빌딩,3815,3815
중랑1팀,광진구,553. 중곡 성원아파트 앞,553,553.
세종로3팀,용산구,4629. 한강초교보도육교 앞,4629,4629
훈련원4팀,동대문구,4105. 서울교통공사사거리 교통섬,4105,4105
이수3팀,서초구,2531.멤피스아파트 앞,2531,2531
영남3팀,영등포구,3203.도림동배드민턴체육관,3203,3203
훈련원2팀,성북구,1361. 홍익중고 입구,1361,1361
세종로 4팀,용산구,800. 목월공원 앞,800,800.
개화3팀,강서구,5065. 허준박물관삼거리,5065,5065
영남2팀,동작구,2066. 양문교회 앞,2066,2066
중랑2팀,성동구,562. 군자지하보도 앞,562,562.
개화4팀,양천구,782.서남병원 후문,782,782.
영남1팀,양천구,4539. 목동7단지아파트 A상가,4539,4539
천왕1팀,구로구,1928. 고척스카이돔구장 광장,1928,1928
천호2팀,송파구,4895. 위례포레샤인15단지 상가,4895,4895
도봉1팀,노원구,4005. 중계2차 한화꿈에그린 101동 인근,4005,4005
도봉3팀,도봉구,4062. 평화도봉공원 주변,4062,4062
도봉2팀,노원구,1642. 서울여대 남문,1642,1642
훈련원2팀,성북구,1334. 석관동주민센터 앞,1334,1334
도봉2팀,노원구,4023. 월계역 1번 출구,4023,4023
개화3팀,강서구,3763. 등촌태영아파트,3763,3763
이수2팀,동작구,2091. 이수역9번출구,2091,2091
훈련원1팀,종로구,356. KT혜화지사 앞,356,356.
개화3팀,강서구,1171. 염창동 새마을금고 건너편,1171,1171
중랑3팀,중랑구,4823. 방정환교육지원센터 옆,4823,4823
도봉1팀,노원구,1666. 노원소방서인근,1666,1666
세종로 4팀,중구,379. 서울역9번출구,379,379.
천왕2팀,금천구,3975.현대시티아울렛 가산,3975,3975
상암2팀,은평구,4677. 백련산 SK뷰 아이파크 해모로 아파트 앞,4677,4677
학여울1팀,강남구,2413.도곡역 1번 출구,2413,2413
중랑3팀,중랑구,1429. 장안중학교,1429,1429
개화1팀,강서구,1109. 공항시장역 4번출구,1109,1109
영남2팀,관악구,2195.은천교회,2195,2195
상암2팀,은평구,939. 은평구청 교차로,939,939.
중랑3팀,중랑구,1437. 늘푸른공원 앞,1437,1437
영남3팀,영등포구,4569. 힐스테이트클래시안아파트,4569,4569
훈련원1팀,중구,346. 맥스타일 앞,346,346.
상암2팀,서대문구,3120.DMC엘가아파트 앞,3120,3120
학여울2팀,송파구,5753. 호반써밋,5753,5753
세종로1팀,종로구,394. 경희궁 자이 3단지,394,394.
중랑3팀,중랑구,1402. 금란주차장 앞,1402,1402
세종로3팀,용산구,813. 삼각지역 3번출구,813,813.
영남3팀,영등포구,223. 진주아파트상가 앞,223,223.
도봉1팀,노원구,1627. 수락산역 4번출구,1627,1627
천왕1팀,구로구,1941. 오류동역 2번출구,1941,1941
도봉2팀,노원구,2917.신창중학교 후문 맞은편 버스정류장,2917,2917
개화4팀,양천구,740. 으뜸공원,740,740.
세종로2팀,종로구,353. 재동초교 앞 삼거리,353,353.
이수3팀,강남구,2327. 뱅뱅사거리 랜드마크타워 앞,2327,2327
상암3팀,은평구,932. 예일여중,932,932.
상암2팀,서대문구,3102. 연희삼거리,3102,3102
천왕3팀,금천구,1808. 에이스하이엔드타워8차 앞,1808,1808
상암1팀,마포구,126. 서강대 후문 옆,126,126.
영남3팀,영등포구,281. 신동아아파트 앞,281,281.
세종로2팀,중구,472.삼일교(시그니쳐 타워),472,472.
영남2팀,관악구,3818. 은천교회 앞,3818,3818
이수1팀,서초구,2276. 영동1교 (양재천근린공원),2276,2276
영남2팀,동작구,2009. 보라매역 8번출구,2009,2009
훈련원1팀,종로구,355. 서울사대부속초교 앞,355,355.
상암1팀,마포구,145. 공덕역 5번출구,145,145.
세종로 4팀,용산구,844. 이촌2동 동원베네스트 아파트 앞,844,844.
세종로3팀,용산구,4620. 삼각지역 14번 출구 앞(교통섬),4620,4620
상암1팀,마포구,111. 상수역 2번출구 앞,111,111.
학여울2팀,강남구,2423.영희초교 사거리(래미안개포루체하임),2423,2423
천호1팀,강동구,1003. 해공도서관앞,1003,1003
상암2팀,서대문구,3128.동신병원 맞은편,3128,3128
학여울2팀,송파구,4468. 가락1동주민센터,4468,4468
영남2팀,관악구,3803. 남서울중학교,3803,3803
도봉3팀,도봉구,1733. 방학사거리 (봄마당 앞),1733,1733
천왕2팀,구로구,1913. 구로리공원,1913,1913
상암2팀,서대문구,170. DMC파크뷰자이아파트 302동 앞,170,170.
훈련원1팀,종로구,453. 종로오가 지하쇼핑센터 14번출구,453,453.
개화3팀,강서구,1136. 등촌2파출소,1136,1136
영남3팀,영등포구,5851. 도림천 건널목 위,5851,5851
영남3팀,영등포구,4558. 대영중고 후문,4558,4558
중랑3팀,중랑구,1428. 원묵고등학교,1428,1428
훈련원1팀,종로구,341. 혜화역 3번출구 뒤,341,341.
천왕2팀,구로구,2823.중앙유통단지 앞,2823,2823
도봉2팀,노원구,4016. 노원 마들스타디움,4016,4016
도봉2팀,노원구,1681. 현대6차 아파트,1681,1681
개화4팀,양천구,4537. 서울남부지방검찰청 후문,4537,4537
천왕3팀,금천구,1805. 서울디지털운동장 앞,1805,1805
상암1팀,마포구,124. 서강대 정문 건너편,124,124.
이수2팀,동작구,2077.노들역 3번출구,2077,2077
개화2팀,강서구,5059. 화곡2동주민센터,5059,5059
상암1팀,마포구,105. 합정역 5번출구 앞,105,105.
도봉3팀,도봉구,1709. 쌍문역4번출구 주변,1709,1709
세종로 4팀,용산구,807. 서울역 12번 출구 앞,807,807.
상암1팀,마포구,4210. 가좌행복주택 앞,4210,4210
훈련원4팀,동대문구,617. 청솔우성아파트 앞,617,617.
천왕3팀,금천구,1846. 롯데캐슬골드파크1차 동문,1846,1846
세종로1팀,종로구,450. 효자동 삼거리,450,450.
중랑3팀,중랑구,1470.중화동 우리은행 앞,1470,1470
중랑1팀,광진구,3528. 광진정보도서관,3528,3528
훈련원1팀,종로구,345. 서울보증보험본사 앞,345,345.
상암2팀,은평구,4659. 신진과학기술고등학교 버스정류장(응암시장 방면),4659,4659
이수3팀,서초구,2540.반포천 앞,2540,2540
세종로2팀,종로구,3432.종로2가 사거리,3432,3432
개화1팀,강서구,1165. 마곡중학교 후문,1165,1165
세종로1팀,종로구,395. 경희궁 자이 2단지,395,395.
도봉1팀,노원구,4014. 당고개역 3번 출구,4014,4014
중랑2팀,성동구,519. 양지사거리,519,519.
이수1팀,서초구,2294. 두상빌딩 앞,2294,2294
상암1팀,마포구,403. 부엉이공원 앞,403,403.
세종로2팀,종로구,4708. 조계사앞사거리,4708,4708
훈련원1팀,중구,475.DDP 패션몰,475,475.
이수3팀,서초구,2538.사평리 공원,2538,2538
개화3팀,양천구,752. 성원2차 아파트,752,752.
개화1팀,강서구,2725.서울식물원 식물문화센터,2725,2725
천호1팀,강동구,1085.래미안 솔베뉴(고덕로),1085,1085
영남1팀,영등포구,4552. 코레일유통본사,4552,4552
세종로3팀,용산구,817. 삼각지역 4번출구 앞,817,817.
도봉2팀,노원구,4048. 신도1차아파트앞,4048,4048
상암2팀,은평구,4674. 녹번역e편한세상 캐슬 정문 앞,4674,4674
중랑1팀,광진구,571. 어린이대공원역6번출구,571,571.
이수2팀,동작구,2086.삼일수영장 앞,2086,2086
세종로1팀,종로구,461. 서울지방경찰청,461,461.
학여울2팀,송파구,4852. 서울복합물류 게이트 1,4852,4852
천왕3팀,금천구,1814. 두산위브아파트 옆 상가건물 앞,1814,1814
상암2팀,서대문구,3103. 홍제삼거리 북측,3103,3103
상암1팀,마포구,143. 공덕역 2번출구,143,143.
훈련원3팀,동대문구,4104. 외대앞역 교차로,4104,4104
훈련원2팀,성북구,1372. KEB은행 고대점,1372,1372
개화3팀,양천구,775.세종그랑시아 앞(102동),775,775.
이수1팀,서초구,4317. 양재근린공원,4317,4317
중랑1팀,광진구,544. 광남중학교,544,544.
천호2팀,송파구,4891. 위례포레샤인17단지 위례대로 방면,4891,4891
도봉1팀,노원구,1620. 중계동 노원구민체육센터 옆(중1-2),1620,1620
세종로2팀,중구,433. 을지로입구역 2번출구,433,433.
영남1팀,영등포구,4560. 양평동성원아파트,4560,4560
세종로 4팀,용산구,828. 숙대입구역 8번,828,828.
도봉1팀,노원구,1630. 수연빌딩 앞,1630,1630
이수2팀,관악구,2112. 서울대입구역 마에스트로,2112,2112
도봉3팀,도봉구,1765.쌍문역 1번 출구(양산부인과 빌딩),1765,1765
중랑3팀,중랑구,1473.중랑역 1번 출구(중화문화복지센터),1473,1473
영남1팀,영등포구,4600. 영등포구 총괄 우체국,4600,4600
개화1팀,강서구,3758. 서울남부출입국관리소,3758,3758
훈련원1팀,중구,390. 충무로역 1번출구,390,390.
천왕2팀,구로구,1960. 구로거리공원 동측(신도림역 방면),1960,1960
영남3팀,영등포구,289. 대림3동사거리,289,289.
세종로2팀,종로구,4713. 현대 뜨레비앙 아파트 앞,4713,4713
개화4팀,양천구,736. 오솔길공원,736,736.
중랑2팀,성동구,510. 서울숲 남문 버스정류소 옆,510,510.
이수1팀,서초구,2274. 양재시민의숲역 3번출구,2274,2274
상암2팀,서대문구,3121.가좌삼거리,3121,3121
중랑3팀,중랑구,4819. 면목동 새싹어린이공원 앞,4819,4819
세종로3팀,용산구,4619. 한강트럼프월드3차 앞,4619,4619
훈련원1팀,종로구,3420. 성균관대입구사거리,3420,3420
이수1팀,서초구,2202.청계산입구역 1번출구,2202,2202
훈련원3팀,동대문구,673.안암골벽산아파트(후문),673,673.
도봉3팀,도봉구,1749. ESA아파트 상가 앞,1749,1749
상암3팀,은평구,949. 연신내역 1번 출구,949,949.
세종로2팀,종로구,3408.종로타워빌딩,3408,3408
세종로3팀,용산구,839. 보광동 삼성리버빌아파트 앞,839,839.
상암2팀,서대문구,191. 서우빌딩,191,191.
영남3팀,영등포구,242. 신길선원가와인아파트 앞,242,242.
학여울1팀,강남구,2324. 천주교 대치 2동 교회 옆,2324,2324
영남2팀,동작구,2085.강남중학교 앞,2085,2085
개화3팀,양천구,774.등촌역 4번 출구,774,774.
세종로 4팀,용산구,846. 용산중학교,846,846.
학여울2팀,송파구,4894. 문정법조단지13,4894,4894
세종로2팀,중구,320. 을지로입구역 4번출구 앞,320,320.
개화3팀,강서구,2703.서울도시가스 앞,2703,2703
도봉4팀,강북구,1520. 성실교회,1520,1520
천왕1팀,구로구,1929. 고척근린공원 고척도서관 앞,1929,1929
학여울2팀,송파구,4854. 가락시장역 2번 출구,4854,4854
도봉1팀,노원구,1682. 중계종합사회복지관 교차로,1682,1682
영남3팀,영등포구,256. 동아에코빌입구,256,256.
도봉4팀,강북구,1506. 강북문화예술회관,1506,1506
훈련원3팀,동대문구,637. KAIST 경영대학 앞,637,637.
천왕2팀,구로구,1907. 구일우성(아) 육교 밑,1907,1907
천호2팀,송파구,1288. 문정중교 사거리,1288,1288
상암1팀,서대문구,134. 연세로 명물길,134,134.
도봉2팀,노원구,1665. 양지근린공원앞,1665,1665
학여울1팀,강남구,2332. 선릉역3번출구,2332,2332
천호1팀,강동구,1080.엘웨딩,1080,1080
도봉1팀,노원구,2911.상계역중앙시장,2911,2911
도봉1팀,노원구,4032. 은행사거리 성모빌딩 앞,4032,4032
중랑3팀,중랑구,4824. 상봉신협 앞,4824,4824
도봉2팀,노원구,2904.중계3차청구아파트,2904,2904
천왕2팀,구로구,1924. 삼부르네상스파크빌,1924,1924
훈련원2팀,성북구,1322. 래미안라센트아파트 103동 앞,1322,1322
영남1팀,영등포구,288. 쌍용예가(구청별관),288,288.
이수1팀,서초구,2244.교육개발원입구 교차로,2244,2244
개화3팀,양천구,749. 이대목동병원보도육교,749,749.
천호1팀,강동구,1036. 고덕동 주양쇼핑,1036,1036
천호1팀,강동구,3689. 강일역 3번출구,3689,3689
개화2팀,강서구,2745.수명초등학교,2745,2745
훈련원1팀,종로구,339. 종로4가 사거리,339,339.
학여울2팀,송파구,4460. 올림픽훼미리아파트 112동 앞,4460,4460
영남3팀,영등포구,270. 증권거래소후문교차로,270,270.
상암2팀,은평구,958. 본 서부병원 버스정류장(은평 세무서 방면),958,958.
중랑3팀,중랑구,1444. 면목4치안센터,1444,1444
도봉2팀,노원구,4011. 월계 센트럴 아이파크,4011,4011
영남3팀,영등포구,286. 우성아파트 교차로,286,286.
영남2팀,동작구,4175. 대방역2번출구,4175,4175
훈련원2팀,성북구,1382.래미안월곡아파트 입구,1382,1382
이수2팀,동작구,2090.기아자동차 사당점 앞,2090,2090
개화3팀,강서구,5078. 왈도강서캠퍼스 앞,5078,5078
상암1팀,마포구,427. 성산시영아파트,427,427.
천호2팀,송파구,4867. 가락대림아파트 앞,4867,4867
개화3팀,강서구,2709.강변아파트 310동 앞,2709,2709
중랑3팀,중랑구,1403. 중화빌딩 앞 (동부시장),1403,1403
영남2팀,관악구,2187. 현대시장사거리,2187,2187
이수1팀,서초구,2508. 양재이스타빌 앞,2508,2508
개화2팀,강서구,5057. 마곡역4번출구,5057,5057
천왕1팀,구로구,1987. 개봉아이파크아파트 앞,1987,1987
이수3팀,강남구,2407. 역삼.서초.삼성 세무서 앞 (역삼빌딩 앞),2407,2407
개화2팀,양천구,732. 신월중학교,732,732.
상암2팀,서대문구,165. 중앙근린공원,165,165.
천호2팀,송파구,2656.풍납동 아이파크 107동 앞,2656,2656
상암1팀,마포구,182. 망원2빗물펌프장 앞,182,182.
영남3팀,영등포구,254. 도림신협 앞,254,254.
세종로 4팀,용산구,805. 문배어린이공원 앞,805,805.
천호1팀,강동구,3685. 강동리엔파크14단지(1401동 앞),3685,3685
도봉3팀,도봉구,1726. 삼익세라믹아파트교차로,1726,1726
천왕3팀,금천구,1834. 월드메르디앙 벤처센터 2차,1834,1834
학여울2팀,송파구,1233. 잠실3거리(갤러리아팰리스),1233,1233
중랑2팀,성동구,579. 마장역 4번출구,579,579.
도봉2팀,노원구,4025. 한천교 동편,4025,4025
영남3팀,영등포구,5853. 여의도역2번출구 앞,5853,5853
훈련원2팀,성북구,1375. 생명의 전화 종합복지관 앞 교차로,1375,1375
상암1팀,마포구,4226. 마포프레스티지자이 1,4226,4226
천왕2팀,구로구,1983. 구로동롯데아파트,1983,1983
천호2팀,송파구,1228. 마천사거리,1228,1228
천왕2팀,구로구,1994. 삼성전자 물류센터 앞,1994,1994
영남1팀,영등포구,4556. 리버뷰신안인스빌1차 후문,4556,4556
이수2팀,서초구,2221. 방일초교 마을버스 정류장,2221,2221
도봉3팀,도봉구,4078. 원당공원 앞,4078,4078
이수2팀,서초구,2511. 이수역 6번출구 앞,2511,2511
상암3팀,은평구,916. 평생학습관 앞,916,916.
도봉4팀,강북구,1514. 강북구청 사거리 버스정류소 앞,1514,1514
중랑3팀,중랑구,"4809. 동성1,2차 아파트 앞",4809,4809
천호2팀,송파구,4872. 개롱역 3번 출구 뒤,4872,4872
중랑1팀,광진구,3882. 자양2동 주민센터,3882,3882
개화1팀,강서구,3775. 가양오토갤러리,3775,3775
상암2팀,은평구,4652. 신사두산위브2차아파트 앞,4652,4652
영남3팀,영등포구,4567. 한림대학교 강남성심병원 신관,4567,4567
천호2팀,송파구,4478. 문정근린공원2,4478,4478
세종로1팀,종로구,367. 독립문역 3-1번출구,367,367.
영남3팀,영등포구,3220.래미안에스티움 앞 (신풍로),3220,3220
개화4팀,양천구,4517. 성보하이드로빌딩,4517,4517
이수2팀,동작구,2089.사당역10번출구(금강빌딩),2089,2089
개화2팀,강서구,1186. 송정중학교,1186,1186
세종로 4팀,중구,445.대한상공회의소,445,445.
상암1팀,마포구,495.염리초등학교 앞,495,495.
개화1팀,강서구,3783. 마곡금호어울림아파트,3783,3783
훈련원4팀,동대문구,625. 답십리초등학교 앞(현대시장 옆),625,625.
이수1팀,서초구,2247.섬들근린공원,2247,2247
중랑1팀,광진구,3886.광진구 민방위교육센터,3886,3886
훈련원3팀,동대문구,661. 경희대학교 청운관,661,661.
세종로1팀,종로구,348. 독립문역 사거리,348,348.
도봉1팀,노원구,4028. 한일유앤아이아파트 105동 인근,4028,4028
중랑2팀,성동구,513. 뚝섬역 5번 출구 정류소 옆,513,513.
개화1팀,강서구,5063. 서남환경공원(방화동도시개발2단지방향),5063,5063
학여울2팀,송파구,4884. H비즈니스파크,4884,4884
세종로 4팀,용산구,835. 남영역 건너편,835,835.
학여울2팀,송파구,1257. 가락시장역 사거리,1257,1257
천호1팀,강동구,1027. 프라자 아파트 앞,1027,1027
천왕1팀,양천구,4528. 양천구청역 1번출구,4528,4528
개화2팀,강서구,5066. 아망떼마곡전시장,5066,5066
도봉1팀,노원구,4018. 상계주공15단지 버스정류소,4018,4018
상암1팀,마포구,400. 상암한화오벨리스크 1차 앞,400,400.
상암2팀,서대문구,4264. 홍남교 버스정류장,4264,4264
개화3팀,양천구,742. 등촌역 5번 출구 뒤,742,742.
세종로2팀,중구,4791. 명동역9번 출구,4791,4791
도봉3팀,도봉구,1743.창동19단지아파트 관리사무소앞,1743,1743
훈련원3팀,동대문구,4102. 휘경1동주민센터 앞,4102,4102
훈련원3팀,동대문구,4113. 한국국방연구원 앞,4113,4113
천왕1팀,구로구,1953. 천왕역 4번출구 뒤,1953,1953
천호2팀,송파구,1265. 문정동 근린공원,1265,1265
세종로2팀,종로구,327. 낙원상가 옆,327,327.
천호2팀,송파구,4873. 개롱역사거리 2번 출구,4873,4873
중랑2팀,성동구,4373. 서울숲 지식산업센터,4373,4373
도봉1팀,노원구,1691. 노원정보도서관,1691,1691
도봉2팀,노원구,1606. 태릉입구역 3번출구,1606,1606
이수2팀,동작구,2033. 사당동 아르테스 웨딩앞,2033,2033
개화1팀,강서구,2710.라이품 공영주차장 앞,2710,2710
천호2팀,송파구,1277. 성내6교,1277,1277
영남1팀,영등포구,3215.강변삼성래미안,3215,3215
천호1팀,강동구,1072.고덕역 5번출구,1072,1072
개화4팀,양천구,709. 신정3동 현장민원실 앞,709,709.
세종로2팀,종로구,4705. 웰니스센터(민방위교육장 앞),4705,4705
개화2팀,강서구,5073. 우장산역 헤링턴타워 앞,5073,5073
도봉4팀,강북구,1565.대한병원앞,1565,1565
훈련원1팀,중구,4792. 퇴계로4가 교차로(중구청),4792,4792
훈련원2팀,성북구,1396.래미안장위퍼스트하이(513동),1396,1396
천호2팀,송파구,4496. 잠실 파크리오 120동 앞,4496,4496
도봉1팀,노원구,4031. 청암예술학교 앞,4031,4031
상암2팀,서대문구,4255. 래미안 루센티아 아파트 108동 앞,4255,4255
천호1팀,강동구,"1051. 강일중,선사고 버스정류장(신암중학교 방면)",1051,1051
영남2팀,관악구,2179. 양녕로 입구,2179,2179
훈련원1팀,종로구,456. 숭인2동 주민센터 입구,456,456.
훈련원1팀,중구,380. CJ제일제당 앞,380,380.
상암1팀,서대문구,4267. 서대문역 2번 출구,4267,4267
상암1팀,마포구,109. 제일빌딩 앞,109,109.
영남3팀,영등포구,292. 영일 어린이공원,292,292.
개화3팀,양천구,4526. 목동아파트2단지 222동 앞,4526,4526
중랑3팀,중랑구,1411. 상봉시장앞 교차로 한성빌딩 앞,1411,1411
천호2팀,송파구,2642.마천동 성내천 쉼터,2642,2642
개화1팀,강서구,3762. 마곡9단지 907동앞,3762,3762
상암1팀,마포구,199. 서울 월드컵 경기장,199,199.
천호1팀,강동구,1030. 미호 플랜트 앞,1030,1030
천호2팀,송파구,1214. 오금역 7번 출구 인근,1214,1214
상암1팀,마포구,411. DMC홍보관,411,411.
중랑3팀,중랑구,1440. 면목2동 사거리,1440,1440
천호2팀,송파구,1260. 방이동 한양3차아파트 옆,1260,1260
도봉1팀,노원구,4004. 당고개입구오거리 당현천변,4004,4004
학여울1팀,강남구,2431.대치역 7번출구,2431,2431
중랑3팀,중랑구,1461.동양엔파트 앞,1461,1461
천호2팀,송파구,1267. 올림픽공원 남2문 앞,1267,1267
도봉1팀,노원구,1639. 희성오피앙,1639,1639
천왕2팀,구로구,3919. 구로역·NC신구로점 버스정류장(구로역 방면),3919,3919
세종로1팀,종로구,301. 경복궁역 7번출구 앞,301,301.
도봉2팀,노원구,2901.공릉동풍림아파트 101동,2901,2901
천왕1팀,구로구,2821.청구아파트 앞,2821,2821
천왕1팀,구로구,1931. 개봉역2번출구 A,1931,1931
훈련원4팀,동대문구,4108. 답십리파크자이아파트 앞,4108,4108
도봉2팀,노원구,1685. 불암고등학교 앞 횡단보도,1685,1685
개화2팀,강서구,3786. 강서힐스테이트 상가 앞,3786,3786
세종로3팀,용산구,832. 이촌1동 주민센터 뒤,832,832.
훈련원2팀,성북구,1333. 석관초등학교 앞,1333,1333
세종로2팀,중구,3013.서울지방고용노동청 앞,3013,3013
도봉3팀,도봉구,1705. 도봉구청 정문앞,1705,1705
상암1팀,마포구,488.푸르메병원,488,488.
도봉1팀,노원구,1697.상계주공2단지 219동,1697,1697
영남3팀,영등포구,4566. 대림성원상떼빌아파트,4566,4566
영남1팀,영등포구,239. 유스호스텔 앞,239,239.
영남2팀,관악구,3814. 난곡사거리,3814,3814
훈련원4팀,동대문구,627. 장안동삼거리 교통섬,627,627.
천호2팀,송파구,2604. 풍납토성 서성벽터A,2604,2604
중랑1팀,광진구,516. 광진메디칼 앞,516,516.
학여울2팀,송파구,1206. 9호선종합운동장역 9번출구,1206,1206
중랑2팀,성동구,3552.서울숲 공영주차장앞,3552,3552
이수2팀,관악구,2119. 중앙동 동진빌딩,2119,2119
천호1팀,강동구,1012. 서울 상운차량,1012,1012
상암3팀,은평구,908. 구산역 4번출구,908,908.
개화2팀,강서구,2711.가로공원공영주차장 1번 출구,2711,2711
개화3팀,강서구,1170. 강서구보건소,1170,1170
천왕1팀,구로구,1952. 천왕연지타운2단지 앞,1952,1952
중랑3팀,중랑구,1407. 먹골역 1번출구 뒤,1407,1407
중랑1팀,광진구,3860. 건국대학교 정문 앞,3860,3860
개화2팀,강서구,5055. 마곡역5번출구앞,5055,5055
중랑1팀,광진구,3502. 중곡역 1번출구,3502,3502
영남3팀,영등포구,204. 국회의사당역 5번출구 옆,204,204.
영남3팀,영등포구,3214.영등포 푸르지오,3214,3214
개화4팀,양천구,4510. 신정네거리역 교차로,4510,4510
천왕2팀,구로구,1962. 가리봉동주민센터,1962,1962
영남2팀,관악구,2105. 미성동 신림체육센터,2105,2105
이수3팀,서초구,2279. 교대역 5번출구뒤,2279,2279
세종로2팀,중구,4796. 부산은행,4796,4796
도봉3팀,도봉구,1707. 도봉구민회관,1707,1707
천호1팀,강동구,1088.풍납사거리(강동),1088,1088
상암2팀,서대문구,3125.연희파크푸르지오아파트 앞,3125,3125
세종로1팀,중구,310. 청계광장 옆,310,310.
훈련원1팀,종로구,4711. 올림픽기념 국민생활관 로터리,4711,4711
천왕2팀,구로구,1975. 대림역 1번 출입구 밑,1975,1975
영남1팀,영등포구,3201.당산skv1센터,3201,3201
훈련원1팀,종로구,3417.창신3동주민센터,3417,3417
훈련원4팀,동대문구,658. 촬영소 사거리,658,658.
이수2팀,관악구,2104. 사당역 5번출구,2104,2104
천왕2팀,금천구,1848. 벽산 디지털밸리 5차,1848,1848
상암2팀,은평구,985. 은평세무서 버스정류장(은평구청 방면),985,985.
학여울2팀,송파구,2633.송파학사 옆,2633,2633
세종로2팀,종로구,314. 국립현대미술관,314,314.
학여울1팀,강남구,2414. 도곡역 아카데미스위트 앞,2414,2414
영남1팀,영등포구,3206.문래동 주민센터,3206,3206
개화2팀,강서구,1168. 마곡엠밸리10단지 앞,1168,1168
상암2팀,은평구,984.상신초등학교앞 버스정류장,984,984.
천호1팀,강동구,3684. 고덕자이(105동 앞),3684,3684
천호1팀,송파구,1274. 영파여고 앞,1274,1274
천왕1팀,구로구,1966. 한마을아파트 정문상가,1966,1966
학여울2팀,강남구,2342. 대청역 1번출구 뒤,2342,2342
상암3팀,은평구,962. 은평뉴타운 힐데스하임,962,962.
훈련원1팀,중구,387. 훈련원공원주차장 앞,387,387.
상암2팀,은평구,4657. 본 서부병원 교차로 사거리,4657,4657
훈련원2팀,성북구,1385.성신여대입구역 3번출구 앞,1385,1385
천호1팀,강동구,1074.대명초교입구 사거리,1074,1074
학여울2팀,송파구,2658.가락몰 업무동,2658,2658
중랑1팀,광진구,3566.우성4차아파트,3566,3566
천호1팀,강동구,1086.래미안 솔베뉴(구천면로),1086,1086
중랑3팀,중랑구,1478.홈플러스 상봉점 앞,1478,1478
중랑2팀,성동구,530. 청계벽산아파트 앞,530,530.
상암1팀,마포구,420. 서울시 공공자전거 상암센터,420,420.
도봉1팀,노원구,4026. 상계주공1단지아파트,4026,4026
개화1팀,강서구,2735.마곡 공공청사,2735,2735
세종로 4팀,중구,826. 서울역 서부교차로2,826,826.
이수3팀,서초구,2505. 우성아파트사거리 (기업은행앞),2505,2505
영남2팀,동작구,4167. 구로교 아래,4167,4167
중랑2팀,성동구,3550.금호나들목,3550,3550
상암1팀,마포구,492.성산시영아파트 후문,492,492.
훈련원4팀,동대문구,622. 전농사거리 교통섬,622,622.
이수2팀,관악구,2111. 서울대입구역 1번출구,2111,2111
개화1팀,강서구,1194. 센서텍㈜,1194,1194
세종로3팀,용산구,849. 삼각지 자이아파트,849,849.
천왕2팀,구로구,1956. 동아1차APT105동 버스정류장(신도림중학교 방면),1956,1956
영남2팀,동작구,2003. 사육신공원앞,2003,2003
중랑2팀,성동구,557. 도선동 주민센터 앞,557,557.
도봉3팀,도봉구,1767.태양중앙교회 앞,1767,1767
천호1팀,강동구,1081.트레빌빌딩,1081,1081
훈련원1팀,중구,473.을지로4가역 9번출구,473,473.
중랑3팀,중랑구,1446. 중랑전화국 교차로,1446,1446
천호2팀,송파구,2651.경찰병원역 3번출구 앞,2651,2651
중랑1팀,광진구,3879. 중랑천 뚝방길 산책로 입구,3879,3879
상암1팀,마포구,112. 극동방송국 앞,112,112.
학여울2팀,송파구,1286. 위례중앙푸르지오 1단지 앞,1286,1286
중랑3팀,중랑구,4820. 망우역 2번 출구,4820,4820
영남2팀,동작구,2016. 신대방삼거리역 3번출구쪽,2016,2016
도봉1팀,노원구,4019. 상계주공10단지 버스정류소,4019,4019
개화4팀,양천구,711. 신일해피트리아파트 앞,711,711.
세종로2팀,종로구,334. 종로3가역 2번출구 뒤,334,334.
학여울2팀,송파구,1249. 아주중학교건너편,1249,1249
중랑3팀,중랑구,1431. 중랑구청 사거리,1431,1431
천왕3팀,금천구,1804. 독산역 2번출구 자전거주차장,1804,1804
이수3팀,서초구,2211. 서초구립반포도서관 앞,2211,2211
개화1팀,강서구,3782. 겸재정선미술관,3782,3782
세종로3팀,용산구,815. LIG강촌아파트 103동앞,815,815.
학여울2팀,송파구,4491. 장지역 1번출구,4491,4491
중랑3팀,중랑구,1413. 봉화산역 5번출구 뒤,1413,1413
천왕2팀,구로구,3907. 신도림7차e편한세상아파트 806동 앞,3907,3907
훈련원4팀,동대문구,669.청계한신휴플러스앞 삼거리,669,669.
개화4팀,양천구,722. 경서농협 버스정류장(우리은행신정동지점방향),722,722.
천호2팀,송파구,1229. 송파체육문화회관 앞,1229,1229
훈련원2팀,성북구,1336. 성북3교 위,1336,1336
훈련원2팀,성북구,1327. 상월곡역 3번출구,1327,1327
중랑1팀,광진구,3587.우성식품 앞,3587,3587
상암3팀,은평구,900. 은평예술회관,900,900.
상암1팀,마포구,181. 망원초록길 입구,181,181.
도봉2팀,노원구,1605. 헬스케어,1605,1605
세종로2팀,종로구,385. 종각역 5번출구,385,385.
중랑1팀,광진구,3868. 자양한강도서관,3868,3868
천호1팀,강동구,3683. KT&G강동지사,3683,3683
상암1팀,마포구,412. DMC산학협력연구센터 앞,412,412.
개화4팀,양천구,4522. 신곡시장,4522,4522
영남2팀,관악구,2189. 봉천역 4번출구,2189,2189
상암2팀,은평구,917. 녹번역 3번출구,917,917.
세종로1팀,종로구,4710. 자교교회 앞,4710,4710
천호1팀,강동구,1059. 래미안 강동팰리스(102동),1059,1059
중랑3팀,중랑구,4812. 묵동 이마트 앞,4812,4812
도봉2팀,노원구,1640. 한내근린공원 북측,1640,1640
훈련원2팀,성북구,1362. 보문역6번출구 앞,1362,1362
개화2팀,강서구,1141. 곰달래 문화복지센터 1-1,1141,1141
훈련원2팀,성북구,1319. 종암사거리 분수대,1319,1319
이수3팀,서초구,2231. 삼성타운(삼성생명) A동 맞은편,2231,2231
상암2팀,서대문구,179. 가좌역 4번출구 앞,179,179.
개화2팀,강서구,2746.수명산파크 4단지 411동 앞,2746,2746
상암1팀,마포구,490.가온문화공원,490,490.
개화1팀,강서구,1108. 공항시장역 2번출구 뒤,1108,1108
영남3팀,영등포구,220. 미성아파트 A동 앞,220,220.
도봉2팀,노원구,4024. 꿈의숲 SK뷰 아파트,4024,4024
개화4팀,양천구,758. 한사랑교회 앞,758,758.
영남1팀,영등포구,4557. 리버뷰신안인스빌2차 후문,4557,4557
천왕2팀,구로구,1957. 구일고등학교 정문,1957,1957
훈련원4팀,동대문구,624. 전농동 동아아파트 앞,624,624.
상암1팀,마포구,3011.경의선(노고산동),3011,3011
영남1팀,양천구,4532. 목동현대아파트 후문 앞,4532,4532
도봉1팀,노원구,1667. 중계중학교,1667,1667
천왕1팀,구로구,1964. 원메디타운 앞,1964,1964
영남2팀,동작구,2007. 유한양행앞,2007,2007
영남2팀,관악구,2170. 조원동서울본병원,2170,2170
개화3팀,강서구,1175. 대한항공 인력개발센터,1175,1175
영남1팀,영등포구,4598. 오목교 동측 지하보도,4598,4598
상암1팀,마포구,438. 성산2-1 공영주차장,438,438.
상암2팀,서대문구,178. 증산3교 앞,178,178.
개화3팀,강서구,1174. 강서구청사거리(부민병원),1174,1174
개화3팀,강서구,1185. 등촌9단지,1185,1185
학여울2팀,강남구,2404. 대모산입구역 4번 출구 앞,2404,2404
훈련원2팀,성북구,1338. 용문2교 옆,1338,1338
개화3팀,양천구,766. 신목동역 3번출구,766,766.
중랑3팀,중랑구,1471.동양쇼핑 정류소 앞,1471,1471
세종로2팀,종로구,326. 안국역 5번출구 앞,326,326.
중랑3팀,중랑구,4804. 동서울농협 앞,4804,4804
중랑2팀,성동구,537. 한양대후문역 부근,537,537.
훈련원3팀,동대문구,674.고대앞사거리 교통섬,674,674.
천왕1팀,구로구,1991. 오류동역 맞은편,1991,1991
중랑2팀,성동구,558. 성동광진 교육지원청 앞,558,558.
훈련원4팀,동대문구,4114. 휘경여중고삼거리,4114,4114
중랑3팀,중랑구,1456. 상아빌딩(우림시장 교차로),1456,1456
도봉2팀,노원구,1670. 노원경찰서교차로,1670,1670
상암1팀,마포구,426. 서울신용보증재단,426,426.
세종로3팀,용산구,4633. 센트럴파크타워 앞,4633,4633
훈련원1팀,종로구,340. 혜화동 로터리,340,340.
중랑2팀,성동구,3549.건영아파트 앞,3549,3549
중랑2팀,성동구,4377. 우영테크노센터 앞,4377,4377
천왕2팀,구로구,1974. 신도림2차e편한세상아파트 203동 앞,1974,1974
도봉1팀,노원구,4020. 중계동 성모빌딩 앞,4020,4020
개화3팀,강서구,2742.강서구민올림픽체육센터,2742,2742
영남2팀,관악구,2115. 관악구시설관리공단,2115,2115
훈련원3팀,동대문구,663. 외대앞역 4번출구,663,663.
개화1팀,강서구,1190. 마곡역 교차로(2번출구),1190,1190
천호2팀,송파구,2644. 성내5교,2644,2644
상암2팀,은평구,989. 신응교(가좌로) 앞,989,989.
도봉3팀,도봉구,4080. 창동주공19단지앞,4080,4080
훈련원3팀,동대문구,615. 용두동 래미안허브리츠아파트 앞,615,615.
영남2팀,관악구,2108. 은천치안센터,2108,2108
천왕2팀,구로구,1920. 서울미래초등학교 사거리,1920,1920
학여울2팀,강남구,2384. 자곡사거리,2384,2384
상암1팀,서대문구,116. 일진아이윌아파트 옆,116,116.
영남1팀,영등포구,266. 영등포청과시장 사거리,266,266.
중랑2팀,성동구,4383. 푸조비즈타워 앞,4383,4383
개화3팀,강서구,1121. 가양레포츠센터 앞,1121,1121
세종로2팀,종로구,368. SK 서린빌딩 앞,368,368.
영남2팀,동작구,4169. 신대방삼거리,4169,4169
천호1팀,강동구,1061. 천호초교 입구 사거리(일주빌딩),1061,1061
천호1팀,강동구,3656. 둔촌푸르지오아파트,3656,3656
영남3팀,영등포구,221. 여의도초교 앞,221,221.
천호2팀,송파구,4500. 풍납나들목,4500,4500
도봉2팀,노원구,1677. 육군사관학교 앞,1677,1677
천호1팀,강동구,1028. 포레스 주상복합 빌딩,1028,1028
훈련원4팀,동대문구,657. 동대문롯데캐슬아파트 앞,657,657.
영남3팀,영등포구,201. 진미파라곤 앞,201,201.
훈련원3팀,동대문구,605. 신설동역8번출구,605,605.
영남2팀,동작구,2056. 동작구민 체육센터,2056,2056
개화3팀,양천구,"773.염창역 3, 4번 출구 사이",773,773.
천왕2팀,구로구,1959. 구로구의회 앞,1959,1959
천왕1팀,구로구,1933. 개봉푸르지오아파트 상가,1933,1933
상암3팀,은평구,961. 불광역 9번 출구,961,961.
상암1팀,서대문구,128. 신촌역(2호선) 1번출구 옆,128,128.
천왕1팀,양천구,763. 목동11단지 아파트,763,763.
도봉1팀,노원구,1657. 노원구청,1657,1657
세종로 4팀,용산구,834. 효창공원앞역 3번출구 뒤,834,834.
중랑2팀,성동구,550. 서울시설공단 앞,550,550.
도봉3팀,도봉구,1744.KT방학지사 앞,1744,1744
천호1팀,강동구,3687. 신명초교입구 교차로,3687,3687
도봉4팀,강북구,"1501. 미아역 3번,4번 출구 사이",1501,1501
영남2팀,관악구,2103. 신림동 우방아파트,2103,2103
천왕3팀,금천구,1824. 독산근린공원 입구,1824,1824
개화1팀,강서구,3754. 신방화역 8번출구,3754,3754
영남3팀,영등포구,255. 도림사거리,255,255.
훈련원3팀,동대문구,4117. 휘경119안전센터 앞,4117,4117
영남1팀,영등포구,264. 교보생명보험 앞,264,264.
개화1팀,강서구,5062. 마곡동 767-6,5062,5062
중랑1팀,광진구,3581.광진광장,3581,3581
중랑2팀,성동구,578. 성동세무서 부근,578,578.
천왕2팀,구로구,1908. 해원리바파크 육교 밑,1908,1908
학여울2팀,송파구,2648.헬리오시티 112동 앞,2648,2648
중랑2팀,성동구,3544.한양대역 3번 출구,3544,3544
상암1팀,마포구,104. 합정역 1번출구 앞,104,104.
상암1팀,은평구,972. 수색역,972,972.
도봉4팀,강북구,1535. 효성인텔리안 앞,1535,1535
개화1팀,강서구,3756. 마곡힐스테이트 정문,3756,3756
천왕2팀,구로구,1984. 구로구청,1984,1984
중랑1팀,광진구,3578.중곡동 파크웨이빌딩,3578,3578
영남3팀,영등포구,234. 영등포구민체육센터 앞,234,234.
중랑3팀,중랑구,1450. 화랑대역 7번출구,1450,1450
훈련원1팀,종로구,3422.성균관대 정문,3422,3422
개화1팀,강서구,2707.한강아파트,2707,2707
훈련원2팀,성북구,1390.석관래미안아트리치,1390,1390
훈련원2팀,성북구,1318. 길음역 3번출구 뒤,1318,1318
중랑2팀,성동구,507. 성수아이에스비즈타워 앞,507,507.
세종로2팀,중구,398. 을지로3가역 3번출구,398,398.
세종로1팀,종로구,369. 광화문 시민열린마당,369,369.
학여울2팀,송파구,2605. 복정역 1번 출구 앞,2605,2605
영남2팀,관악구,2169. 봉천역 2번출구,2169,2169
개화2팀,양천구,739. 신월사거리,739,739.
훈련원2팀,성북구,1359. 장위뉴타운 꿈에 숲 코오롱 하늘채 앞,1359,1359
영남1팀,영등포구,231. 남부고용노동지청 남측,231,231.
개화3팀,양천구,700. KB국민은행 염창역 지점 앞,700,700.
천호1팀,강동구,1075.천동초교 삼거리,1075,1075
중랑2팀,성동구,4381. 더스페이스타워 앞,4381,4381
훈련원1팀,종로구,3415.동대문역6번출구,3415,3415
개화4팀,양천구,716.신정6동 주민센터 인근,716,716.
개화2팀,강서구,1148. 볏골공원,1148,1148
천호2팀,송파구,2653.올림픽공원사거리(선수촌아파트),2653,2653
개화1팀,강서구,3774. 마곡9단지 910동 상가앞,3774,3774
중랑2팀,성동구,511. 서울숲역 5번 출구 옆,511,511.
영남3팀,영등포구,214. 금융감독원 앞,214,214.
중랑1팀,광진구,3865. 이튼타워리버 2차,3865,3865
이수3팀,서초구,2220. 반포본동 주민센터 앞,2220,2220
상암1팀,마포구,4222. 서울디자인고등학교 앞,4222,4222
학여울2팀,송파구,1245. 문정 법조단지9,1245,1245
도봉2팀,노원구,2908. 광운대학교 중앙도서관,2908,2908
이수3팀,서초구,2530.삼호3차아파트 앞,2530,2530
천왕2팀,구로구,3914. 신도림쌍용플래티넘노블아파트 앞,3914,3914
중랑1팀,광진구,546. 잠실대교북단 교차로,546,546.
이수2팀,동작구,2060. 남성역3번출구 뒤,2060,2060
영남2팀,동작구,2054. 삼익아파트,2054,2054
중랑2팀,성동구,563. 성동세무서 건너편,563,563.
중랑1팀,광진구,3586.군자역 비채온 오피스텔,3586,3586
훈련원1팀,종로구,3413.종로플레이스,3413,3413
천호2팀,송파구,4484. 잠실나루역4번출구뒤,4484,4484
훈련원4팀,동대문구,626. 군자교 서측 녹지대,626,626.
도봉4팀,강북구,1530. 광산사거리,1530,1530
중랑3팀,중랑구,1404. 동일로 지하차도,1404,1404
세종로2팀,종로구,3407.안국동사거리(신),3407,3407
상암1팀,마포구,157. 애오개역 4번출구 앞,157,157.
이수1팀,서초구,2252. 잔디마을 마을버스 정류장,2252,2252
훈련원2팀,성북구,4418. 종암동 동덕여대 제2생활관 앞,4418,4418
도봉2팀,노원구,4036. 하계역 6번출구,4036,4036
도봉1팀,노원구,1690. 도봉운전면허시험장 버스정류장 옆,1690,1690
영남3팀,영등포구,3212.신풍역 6번출구,3212,3212
개화4팀,강서구,1146. 곰달래사거리,1146,1146
영남1팀,영등포구,265. 영등포유통상가 사거리,265,265.
훈련원2팀,성북구,1369. 미아사거리,1369,1369
도봉3팀,도봉구,1737. 하나은행 (창동점),1737,1737
영남2팀,동작구,237. 보라매 두산위브 건너편,237,237.
훈련원1팀,중구,481.신당역 10번 출구,481,481.
도봉4팀,강북구,1552. 강북구청사거리(던킨도너츠 앞),1552,1552
상암2팀,서대문구,166. 가재울 초등학교,166,166.
개화2팀,강서구,2741.마곡수명산파크5-6단지,2741,2741
도봉3팀,도봉구,1708. 보건소사거리(다비치안경창동점),1708,1708
중랑3팀,중랑구,1433. 중화역 2번출구,1433,1433
천왕3팀,금천구,1841. 가산동 주민센터,1841,1841
학여울2팀,송파구,1224. 아시아지하보도 2번 출구,1224,1224
도봉2팀,노원구,4013. 중계 롯데마트,4013,4013
중랑3팀,중랑구,1416. 상봉역 3번출구,1416,1416
중랑2팀,성동구,3560.성동구 견인차량 보관소 앞,3560,3560
개화3팀,양천구,701. 목동사거리 부근,701,701.
천호1팀,송파구,5752. 풍납백제문화공원 옆 인근,5752,5752
영남3팀,영등포구,248. 초원아파트 앞,248,248.
세종로 4팀,용산구,819. 선린인터넷 고등학교,819,819.
세종로3팀,용산구,860.LG한강 자이아파트 앞,860,860.
세종로2팀,종로구,329. 청계2가 사거리 옆,329,329.
도봉2팀,노원구,2909. 석계역 3번 출구,2909,2909
상암2팀,은평구,915. 증산역 4번출구,915,915.
천호1팀,강동구,1021. 강일동 리슈빌 빌딩앞,1021,1021
영남2팀,동작구,2070. 노량진역 2번 출구 앞,2070,2070
중랑2팀,성동구,521. 왕십리역 11번 출구 앞,521,521.
천호2팀,송파구,1226. 잠실4동 주민센터 옆,1226,1226
상암3팀,은평구,950. 구산역 2번 출구 예일여고 버스정류장,950,950.
훈련원1팀,중구,374. 청구역 2번출구 앞,374,374.
개화1팀,강서구,2702. 마곡 엠밸리2단지,2702,2702
개화1팀,강서구,5053. 신마곡벽산블루밍메트로오피스텔앞,5053,5053
이수2팀,관악구,2171. 서울대입구역 5번출구,2171,2171
개화2팀,강서구,3764. 관문주유소(GS칼택스) 앞,3764,3764
영남2팀,동작구,2067. 보라매역?동작세무서 버스정류장(강남중학교방면),2067,2067
세종로1팀,종로구,308. 광화문 S타워 앞,308,308.
중랑2팀,성동구,3548.뚝섬역 6번출구,3548,3548
천호1팀,강동구,1004. 삼성광나루아파트 버스정류장,1004,1004
학여울2팀,송파구,4465. 건영아파트앞 사거리,4465,4465
영남1팀,양천구,756. 목동주차장,756,756.
개화4팀,강서구,2737.까치산역 3번 출구,2737,2737
개화3팀,강서구,3794. 안양천합수부(현대3차아파트),3794,3794
중랑2팀,성동구,582. 경일중학교 앞,582,582.
개화2팀,강서구,2713.우장초등학교 앞,2713,2713
천호2팀,송파구,1212. 송파역 2번 출구앞,1212,1212
도봉4팀,강북구,1529. 미아동 한국전력공사,1529,1529
영남1팀,영등포구,267. 삼성화재 사옥 옆,267,267.
천호1팀,강동구,1022. 길동 사거리(초소앞),1022,1022
개화2팀,강서구,3759. 이대서울병원,3759,3759
도봉3팀,도봉구,1720. 도봉구청 옆(중랑천변),1720,1720
개화1팀,강서구,2724.(재)FITI시험연구원,2724,2724
영남3팀,영등포구,215. 여의도고교 앞,215,215.
영남2팀,동작구,2013. 장승배기역 5번출구,2013,2013
상암2팀,서대문구,3119.연희 브라운스톤 아파트 앞,3119,3119
도봉2팀,노원구,1683. 노원문화예술회관,1683,1683
도봉3팀,도봉구,4077. 도봉제1교,4077,4077
중랑2팀,광진구,3506. 영동대교 북단,3506,3506
도봉1팀,노원구,1661. 당현천근린공원,1661,1661
도봉1팀,노원구,2913.상계8동 주민센터,2913,2913
영남3팀,영등포구,252. 보라매역4번출구,252,252.
천호2팀,송파구,1227. 거여역 8번출구 뒤,1227,1227
훈련원2팀,성북구,1306. 한성대입구역2번출구,1306,1306
천호2팀,송파구,4859. 잠실나루 나들목,4859,4859
학여울2팀,송파구,2618. 삼전역 1번출구,2618,2618
천왕2팀,구로구,3905. 희훈타워빌 앞,3905,3905
학여울1팀,강남구,2306. 압구정역 2번 출구 옆,2306,2306
천호2팀,송파구,1259. 방이역 1번출구,1259,1259
이수2팀,동작구,2032. 이수역 11번출구쪽,2032,2032
영남3팀,영등포구,203. 국회의사당역 3번출구 옆,203,203.
중랑3팀,중랑구,1401. 극동늘푸른아파트,1401,1401
세종로 4팀,용산구,838. 숙대입구역 4번출구,838,838.
중랑3팀,중랑구,4813. 망우지구대,4813,4813
영남2팀,동작구,4171. 우성아파트 앞,4171,4171
영남3팀,영등포구,258. 신길역3번출구,258,258.
개화3팀,강서구,1172. 가양3동 주민센터,1172,1172
영남2팀,관악구,3811.신사로입구,3811,3811
훈련원3팀,동대문구,609. 제기2교,609,609.
훈련원1팀,중구,474.동대문역사문화공원역 1번출구 뒤편,474,474.
영남3팀,영등포구,4575. 대림동 e편한세상영등포아델포레,4575,4575
학여울1팀,강남구,2335. 3호선 매봉역 3번출구앞,2335,2335
도봉1팀,노원구,1689. 마들역 3번출구,1689,1689
상암1팀,마포구,4218. 디지털매직스페이스,4218,4218
영남2팀,관악구,2106. 세이브마트,2106,2106
상암1팀,마포구,108. 서교동 사거리,108,108.
천호2팀,송파구,4486. 홈플러스 잠실점,4486,4486
훈련원3팀,동대문구,635. 시조사 앞 (청량고정문 옆),635,635.
훈련원2팀,성북구,1384.성신여대입구역 5번출구,1384,1384
개화3팀,강서구,1139. 용문사 버스정류장,1139,1139
상암2팀,서대문구,175. 홍연2교옆,175,175.
중랑1팀,광진구,577. 광진청소년수련관,577,577.
개화3팀,양천구,754. 목동1단지아파트 118동 앞,754,754.
천왕2팀,구로구,2000. 신도림4차 e편한세상 아파트 1109동 앞,2000,2000
천왕3팀,금천구,1830. 빅마켓 금천점 앞,1830,1830
훈련원4팀,동대문구,642. 신답역 사거리,642,642.
학여울2팀,송파구,1269. 리센츠아파트,1269,1269
학여울2팀,송파구,4876. 삼전동주민센터 앞,4876,4876
영남1팀,영등포구,3205.문래현대2차,3205,3205
개화2팀,강서구,1177. 수명중?고교,1177,1177
상암1팀,마포구,119. 서강나루 공원,119,119.
도봉2팀,노원구,1602. 광운대역 앞,1602,1602
세종로3팀,용산구,816. 신용산역 6번출구 앞,816,816.
중랑2팀,성동구,508. 성수아카데미타워 앞,508,508.
도봉2팀,노원구,4041. 공릉역3번출구,4041,4041
훈련원3팀,동대문구,660. 동의보감타워,660,660.
훈련원1팀,중구,4765. 동대문디자인플라자,4765,4765
개화2팀,강서구,2732.마곡수명산 1-2단지,2732,2732
상암1팀,마포구,414. 상암동주민센터 옆,414,414.
훈련원2팀,성북구,1354. 고려대학교 2번출구,1354,1354
천호2팀,송파구,1204. 거여역 3번출구,1204,1204
개화2팀,강서구,3785. 마곡14단지 1408동앞,3785,3785
도봉3팀,도봉구,1762.북한산 한신휴플러스APT앞,1762,1762
개화3팀,강서구,5075. 등촌역 1번출구,5075,5075
천왕2팀,구로구,1958. 강서수도사업소민원센터,1958,1958
천호1팀,강동구,1001. 광진교 남단 사거리(천호공원 방면),1001,1001
상암1팀,마포구,417. DMC역 2번출구 옆,417,417.
중랑1팀,광진구,573. 구의문주차장 앞,573,573.
개화2팀,강서구,3760. 발산역 8번 출구,3760,3760
상암1팀,마포구,3009.서교동사거리(신),3009,3009
도봉2팀,노원구,1669. 중계역 3번출구,1669,1669
중랑1팀,광진구,3573.광나루안전체험관,3573,3573
상암3팀,은평구,933. 역촌종합시장 버스정류장(예일여고 방면),933,933.
개화1팀,강서구,2740.마곡레포츠센터,2740,2740
도봉1팀,노원구,4003. 상계초교 입구 교차로 명주빌딩 앞,4003,4003
중랑1팀,광진구,593.자양중앙나들목,593,593.
중랑3팀,중랑구,1462.동부시장 북문 앞,1462,1462
개화3팀,양천구,768.목동5단지아파트 501동,768,768.
영남3팀,영등포구,225. 앙카라공원 앞,225,225.
천왕2팀,구로구,1901. 신도림동주민센터 앞,1901,1901
학여울2팀,송파구,1205. 종합운동장역 4번출구,1205,1205
천호2팀,송파구,2638.쌍용아파트,2638,2638
훈련원4팀,동대문구,623. 서울시립대 정문 앞,623,623.
훈련원4팀,동대문구,4121. 서울문화재단 앞,4121,4121
중랑1팀,광진구,590. 건국대학교 (입학정보관),590,590.
천호1팀,강동구,1076. 천동초교입구사거리 버스정류장(십자성마을 방면),1076,1076
중랑1팀,광진구,3517. 용마사거리,3517,3517
영남2팀,관악구,2175. 신림동걷고싶은문화의거리입구,2175,2175
천호2팀,송파구,4464. 올림픽공원 북2문,4464,4464
상암1팀,마포구,107. 신한은행 서교동지점,107,107.
학여울1팀,강남구,3627. 압구정나들목,3627,3627
개화1팀,강서구,3778. 김포공항입구 교차로,3778,3778
훈련원4팀,동대문구,678.장안힐스테이트(아) 앞,678,678.
도봉2팀,노원구,4008. 하계 어린이 공원,4008,4008
훈련원2팀,성북구,1332. 석계역 5번출구 건너편,1332,1332
학여울2팀,송파구,1246. 문정 법조단지10,1246,1246
중랑3팀,중랑구,1448. 코스트코 상봉점,1448,1448
영남3팀,영등포구,205. 산업은행 앞,205,205.
천호1팀,강동구,1017. 둔촌고교입구 교차로(길동주민센터 방면),1017,1017
천왕2팀,구로구,1912. 한신휴아파트 앞,1912,1912
훈련원1팀,종로구,363. 신설동역 11번출구 뒤,363,363.
영남1팀,양천구,796.목동아파트 14단지 B상가 앞,796,796.
훈련원2팀,성북구,1380.월곡역 5번출구 앞,1380,1380
개화3팀,강서구,1119. 염창동 한마음아파트 앞,1119,1119
천호2팀,송파구,1282. 송파소방서 맞은편(성내4교),1282,1282
천왕3팀,금천구,1827. 독산보도육교 앞 자전거 보관소,1827,1827
훈련원2팀,성북구,1381.석계역 4번출구 뒤,1381,1381
훈련원2팀,성북구,4408. 돌곶이역 앞,4408,4408
이수2팀,서초구,2230.이수역 4번 출구,2230,2230
학여울1팀,강남구,2348. 포스코사거리(기업은행),2348,2348
영남1팀,영등포구,4594. 양평교 영등포대여소,4594,4594
도봉2팀,노원구,1616. 하계2동 공항버스정류장 옆,1616,1616
개화1팀,강서구,3757. 신방화역 6번출구,3757,3757
중랑1팀,광진구,501. 광진구의회 앞,501,501.
영남3팀,영등포구,279. 영등포 푸르지오 아파트,279,279.
천호1팀,송파구,1208. 풍납현대아파트쉼터,1208,1208
중랑3팀,중랑구,1455. 상봉역 2번 출구,1455,1455
상암1팀,마포구,4220. 신촌 청년주택,4220,4220
세종로2팀,종로구,316. 종각역 1번출구 앞,316,316.
상암1팀,마포구,153. 성산2교 사거리,153,153.
영남1팀,영등포구,290. 당산동 SK V1 빌딩,290,290.
훈련원1팀,중구,4798. 황학동롯데캐슬,4798,4798
영남1팀,영등포구,244. 영등포삼환아파트 앞,244,244.
영남1팀,영등포구,238. 제2구민체육센타 앞,238,238.
도봉1팀,노원구,1668. 중계역 6번출구,1668,1668
개화1팀,강서구,1113. 서남환경공원 버스정류장,1113,1113
천호2팀,송파구,1215. 올림픽공원역 1번출구 앞,1215,1215
중랑2팀,성동구,525. 한양대병원사거리,525,525.
이수2팀,서초구,2222.사당역 12번출구 뒤,2222,2222
세종로3팀,용산구,841. 신용산역 1번 출구,841,841.
도봉2팀,노원구,2910.도깨비시장,2910,2910
도봉1팀,노원구,4037. 물넘이교,4037,4037
도봉2팀,노원구,5306. 동신아파트 후문 옆,5306,5306
세종로1팀,중구,4768. 서울도시건축전시관,4768,4768
개화3팀,양천구,702. 목4동주민센터 옆,702,702.
도봉2팀,노원구,1619. 중계동 하나프라자빌딩 앞(중1-1),1619,1619
상암1팀,마포구,493.홍대입구역 6번출구,493,493.
개화3팀,강서구,1140. 목동사거리 버스정류장,1140,1140
훈련원1팀,종로구,362. 청계8가 사거리,362,362.
도봉1팀,노원구,1656. 중앙하이츠 아파트 입구,1656,1656
천호2팀,송파구,1278. 송파구청 교차로,1278,1278
상암3팀,은평구,911. 은평평화공원(역촌역4번출구),911,911.
천호1팀,강동구,1013. 강동구청역 1번 출입구,1013,1013
학여울2팀,송파구,1235. 잠실트리지움310동 옆,1235,1235
훈련원3팀,동대문구,4125. 회기역 2-①번출구,4125,4125
세종로 4팀,용산구,818. 숙명여대 입구 교차로,818,818.
중랑2팀,성동구,4382. 페코텍글로벌허브빌딩 앞,4382,4382
중랑3팀,중랑구,1442. 중랑구 중소기업 창업센터,1442,1442
학여울2팀,송파구,1221. 삼전역 4번출구,1221,1221
훈련원2팀,성북구,1351. 안암2교 옆,1351,1351
중랑1팀,광진구,539. 군자교교차로,539,539.
도봉3팀,도봉구,1741. 제일강산수산입구,1741,1741
천호1팀,강동구,3657. 서울천호동우체국,3657,3657
훈련원1팀,종로구,3416.동묘앞역 6번출구,3416,3416
중랑1팀,광진구,542. 강변역 4번출구 뒤,542,542.
개화2팀,강서구,1128. 화곡역 6번출구,1128,1128
중랑2팀,성동구,561. 서울숲역 2번출구 앞,561,561.
도봉2팀,노원구,4007. 노원 을지대학교 병원,4007,4007
개화1팀,강서구,2722.마곡 문영비지웍스,2722,2722
개화3팀,강서구,1169. 염창역 1번 출구,1169,1169
도봉3팀,도봉구,1742. 북한산 코오롱 하늘채,1742,1742
천호1팀,강동구,1077.강동역 1번출구 앞,1077,1077
도봉3팀,도봉구,1738. 창동주공17단지 상가앞,1738,1738
영남1팀,양천구,786.목동아파트 8단지 상가동 앞,786,786.
천호1팀,강동구,1047. 강동 한신휴플러스,1047,1047
이수3팀,서초구,2265. 이수고가차도 남단,2265,2265
천호1팀,송파구,2611. 송파지역자활센터 뒤,2611,2611
중랑1팀,광진구,543. 구의공원(테크노마트 앞),543,543.
개화2팀,강서구,3796. 송정역 3번출구 앞,3796,3796
개화1팀,강서구,2706.강서공업고등학교 앞,2706,2706
도봉1팀,노원구,1688. 마들역 7번출구,1688,1688
영남3팀,영등포구,4559. 신길역 2번출구,4559,4559
상암1팀,마포구,130. 신촌역(2호선) 7번출구 앞,130,130.
천왕1팀,구로구,1988. 고척LIGA아파트 앞,1988,1988
상암1팀,마포구,497.합정동주민센터 앞,497,497.
도봉2팀,노원구,2912.대진고등학교,2912,2912
개화3팀,양천구,4527. 목동신시가지아파트6단지,4527,4527
도봉2팀,노원구,2915.서울과학기술대학교(어학교육원),2915,2915
이수1팀,강남구,2340. 삼호물산버스정류장(23370) 옆,2340,2340
이수1팀,서초구,2255.시민의숲역 1번출구 옆,2255,2255
세종로3팀,용산구,829. 베르가모앞,829,829.
영남3팀,영등포구,224. 롯데캐슬 앞,224,224.
도봉1팀,노원구,5301. 상계주공1단지 버스정류장 옆(대원빌딩 앞),5301,5301
상암1팀,마포구,148. 용강동 주민센터 앞,148,148.
천호1팀,강동구,1035. 고덕역 4번출구,1035,1035
개화3팀,양천구,793.목동5단지아파트 534동,793,793.
중랑2팀,성동구,4353. 코오롱디지털타워 3차앞,4353,4353
개화3팀,강서구,1132. 등촌역 7번출구,1132,1132
개화3팀,양천구,719. 홍익병원앞 교차로,719,719.
상암2팀,서대문구,133. 해담는다리,133,133.
천호1팀,강동구,3671. 둔촌동역교차로,3671,3671
영남3팀,영등포구,249. 여의도중학교 옆,249,249.
천왕1팀,구로구,1977. 천왕역 1번 출입구 앞,1977,1977
학여울2팀,송파구,4483. 잠실나들목4,4483,4483
상암2팀,서대문구,123. 문화촌 공원,123,123.
천호2팀,송파구,2630.서울방이동 고분군,2630,2630
영남2팀,관악구,2140. 신림1교 교차로,2140,2140
개화1팀,강서구,2729.넥센 유니버시티 앞,2729,2729
학여울2팀,송파구,4897. 잠실주공5단지1,4897,4897
상암1팀,마포구,487.신석초교앞 교차로 교통섬,487,487.
도봉4팀,강북구,1512. 강북중학교 앞,1512,1512
영남3팀,영등포구,4568. 영등포로터리,4568,4568
도봉2팀,노원구,1655. 공릉1단지아파트,1655,1655
개화2팀,강서구,2718.마곡수명산파크1단지,2718,2718
상암1팀,마포구,4213. 마포구중앙도서관 정문 앞,4213,4213
개화3팀,강서구,1120. 대림경동아파트앞,1120,1120
학여울2팀,송파구,2619. 석촌고분역 4번출구,2619,2619
천왕3팀,금천구,3966. 독산역1번출구 옆,3966,3966
개화4팀,양천구,794.양천문화회관,794,794.
훈련원1팀,종로구,3421.혜화역 1번출구,3421,3421
세종로3팀,용산구,837. 한남나들목 입구,837,837.
중랑2팀,성동구,514. 성수사거리 버스정류장 앞,514,514.
개화3팀,양천구,747. 목동3단지 상가,747,747.
상암2팀,은평구,956. 응암시장교차로,956,956.
중랑2팀,성동구,560. 비전교회 앞,560,560.
영남1팀,영등포구,284. 센트럴 푸르지오 시티 앞,284,284.
천왕2팀,구로구,2801. 대륭포스트타워1차,2801,2801
개화2팀,강서구,5070. 마곡13단지힐스테이트마스터 후문(1320동 앞),5070,5070
중랑2팀,성동구,529. 장한평역 8번 출구 앞,529,529.
학여울2팀,송파구,4453. 위례중앙푸르지오 201동 앞,4453,4453
개화1팀,강서구,5064. 양천향교역8번출구,5064,5064
중랑2팀,성동구,3513. 상왕십리역 1번출구,3513,3513
중랑2팀,성동구,587. 유니베라 앞,587,587.
이수3팀,서초구,2217.아크로리버뷰 부지 앞,2217,2217
영남1팀,영등포구,296.KT플라자 영등포점,296,296.
도봉1팀,노원구,1686. 상계주공10단지 종합상가 앞,1686,1686
천호2팀,송파구,2628.문정역 1번출구,2628,2628
중랑1팀,광진구,588. 뚝섬 유원지역,588,588.
영남2팀,동작구,2059. 보라매공원 정문,2059,2059
상암1팀,마포구,409. 누리꿈스퀘어 옆,409,409.
중랑1팀,광진구,3582.화양동 우체국,3582,3582
상암2팀,은평구,912. 응암오거리,912,912.
영남2팀,동작구,2080. 대방지하보도(대방동경남아너스빌아파트),2080,2080
훈련원3팀,동대문구,612. 시립동부병원 앞 사거리,612,612.
영남3팀,영등포구,206. KBS 앞,206,206.
중랑1팀,광진구,3520. 광진경찰서,3520,3520
영남3팀,영등포구,219. 롯데캐슬엠파이어 옆,219,219.
중랑1팀,광진구,3536. 중앙농협(자양동),3536,3536
영남3팀,영등포구,5854. 신한금융투자 앞,5854,5854
세종로1팀,종로구,303. 광화문역 1번출구 앞,303,303.
개화1팀,강서구,1111. 마곡엠밸리6_7단지 마곡중학교,1111,1111
영남2팀,관악구,2164. 관악우체국,2164,2164
천호2팀,송파구,1297. 석촌호수교차로(동호 팔각정 앞),1297,1297
영남1팀,양천구,780.신정교 하부,780,780.
천호1팀,강동구,1023. 한국종합기술사옥 앞,1023,1023
개화2팀,강서구,1126. 우장산역 1번출구옆(우장산아이파크105동앞),1126,1126
훈련원2팀,성북구,1337. 돈암성당 옆,1337,1337
중랑2팀,성동구,559. 왕십리역 4번 출구 건너편,559,559.
개화2팀,강서구,5061. 우장산동 가곡어린이공원앞,5061,5061
세종로 4팀,중구,370. 시청역(2호선) 9번출구 뒤,370,370.
천왕1팀,양천구,788.양천구청역 2번출구 옆,788,788.
상암1팀,마포구,183. 하늘채코오롱아파트 건너편,183,183.
개화2팀,강서구,1192. 마곡수명산파크 209동 건너편,1192,1192
개화1팀,강서구,1150. 송정역 1번출구,1150,1150
영남1팀,양천구,731. 서울시 도로환경관리센터,731,731.
천호2팀,송파구,1203. 밀리아나2빌딩 앞,1203,1203
상암1팀,마포구,439. 마포어린이공원,439,439.
세종로1팀,종로구,302. 경복궁역 4번출구 뒤,302,302.
상암3팀,은평구,905. 구파발역 2번출구,905,905.
천왕2팀,구로구,1904. 도림천역 1번 출구 앞,1904,1904
중랑1팀,광진구,576. 광나루역 3번 출구,576,576.
상암1팀,마포구,421. 마포구청 앞,421,421.
훈련원1팀,종로구,3410.종로3가역 8번출구,3410,3410
영남3팀,영등포구,226. 샛강역 1번출구 앞,226,226.
학여울2팀,송파구,2635.잠실새내역 1번출구,2635,2635
개화1팀,강서구,1155. 기쁜우리복지관,1155,1155
상암2팀,서대문구,176. 명지대학교 도서관,176,176.
학여울2팀,송파구,1220. 잠실근린공원,1220,1220
학여울2팀,송파구,1243. 문정 법조단지7,1243,1243
영남1팀,영등포구,232. 양평우림 이비즈센타 앞,232,232.
영남3팀,영등포구,3219.영등포역 1번출구,3219,3219
천호1팀,강동구,3664. 맥도날드 서울둔촌DT점 앞,3664,3664
훈련원4팀,동대문구,643. 동대문구민체육센터 (육교아래),643,643.
영남1팀,영등포구,280. 양평동6차현대아파트 앞,280,280.
중랑3팀,중랑구,1458. 상봉터미널2,1458,1458
천호2팀,송파구,1268. 몽촌토성역 1번출구 옆,1268,1268
도봉2팀,노원구,1643. 태릉입구역 8번출구,1643,1643
중랑1팀,광진구,500. 어린이대공원역 3번출구 앞,500,500.
영남3팀,영등포구,4564. 63스퀘어,4564,4564
개화2팀,강서구,1131. 꿈돌이공원 앞,1131,1131
중랑1팀,광진구,3579.광진 캠퍼스시티,3579,3579
이수3팀,강남구,2301. 현대고등학교 건너편,2301,2301
상암2팀,은평구,913. 이마트 버스정류장(서부경찰서 방면),913,913.
도봉4팀,강북구,1531. 미아사거리 1번 출구,1531,1531
천호2팀,송파구,1262. 송파여성문화회관 앞,1262,1262
천호2팀,송파구,1201. 가락시장역 3번 출구,1201,1201
중랑3팀,중랑구,1449. 상봉역 1번출구,1449,1449
개화1팀,강서구,1151. 마곡역1번출구,1151,1151
중랑3팀,중랑구,1438. 홈플러스 신내점 앞,1438,1438
영남1팀,영등포구,4553. 당산삼성2차아파트,4553,4553
영남3팀,영등포구,222. 시범아파트버스정류장 옆,222,222.
훈련원3팀,동대문구,613. 신설동역 10번출구 앞,613,613.
개화1팀,강서구,3788. 정곡나들목,3788,3788
천호1팀,강동구,1048. 둔촌어린이공원,1048,1048
천왕1팀,양천구,4535. 목동12단지 아파트,4535,4535
영남1팀,양천구,4514. 목동성당 앞,4514,4514
영남3팀,영등포구,4592. 신길우성4차아파트,4592,4592
도봉2팀,노원구,1617. 하계동 중평어린이공원 앞,1617,1617
훈련원2팀,성북구,1321. 국민은행 종암동지점 앞,1321,1321
개화2팀,강서구,1127. 화곡역 버스정류장,1127,1127
중랑2팀,성동구,512. 뚝섬역 1번 출구 옆,512,512.
영남1팀,영등포구,287. 영등포전화국사거리 (서강어린이공원),287,287.
훈련원2팀,성북구,1363. 보문4교 인근,1363,1363
영남1팀,양천구,771.목동아파트 703동 앞,771,771.
학여울2팀,송파구,4868. 석촌호수 서호 남단,4868,4868
학여울2팀,송파구,2615. 테라타워2,2615,2615
훈련원3팀,동대문구,680.꿈마루어린이도서관 앞,680,680.
학여울2팀,송파구,1231. 잠실역 6번출구,1231,1231
훈련원1팀,종로구,342. 대학로 마로니에공원,342,342.
개화2팀,강서구,1199. 우장산역 3번출구,1199,1199
개화4팀,양천구,795.양천 해누리타운,795,795.
개화3팀,강서구,1135. 강서구의회,1135,1135
영남1팀,영등포구,229. 양평1 보행육교 앞,229,229.
도봉1팀,노원구,1636. 상계주공2단지 버스정류장 옆,1636,1636
영남2팀,동작구,2015. 신대방삼거리역 6번출구쪽,2015,2015
개화1팀,강서구,2727.서울식물원 잔디마당 앞,2727,2727
개화2팀,강서구,1129. 화곡역 1번 출구 앞,1129,1129
이수3팀,서초구,2264. 이수역 1번출구,2264,2264
영남2팀,관악구,2176. 보라매공원 보도육교,2176,2176
중랑1팀,광진구,548. 자양나들목,548,548.
도봉4팀,강북구,1503. 이디야 커피 수유역점 앞,1503,1503
영남1팀,양천구,723. SBS방송국,723,723.
천왕2팀,구로구,1996. 구일역 1번 출입구 앞,1996,1996
영남3팀,영등포구,217. NH농협은행 앞,217,217.
천왕2팀,구로구,1946. 구로역 광장,1946,1946
훈련원2팀,성북구,1328. 월곡역 3번출구,1328,1328
영남3팀,영등포구,209. 유진투자증권빌딩 앞,209,209.
개화2팀,강서구,"5074. 마곡엠밸리14단지 버스정류장(마곡엠밸리11,12단지상가방면)",5074,5074
중랑1팀,광진구,584. 광진광장 교통섬,584,584.
개화1팀,강서구,3784. 벽산아파트,3784,3784
개화3팀,양천구,4531. 목동아파트 613동 앞,4531,4531
중랑1팀,광진구,3504. 원일교회,3504,3504
영남1팀,영등포구,227. 양평2나들목 보행통로 입구,227,227.
천호1팀,강동구,1002. 해공공원(천호동),1002,1002
천호2팀,송파구,4452. 삼성SDS,4452,4452
학여울2팀,송파구,2601. 석촌호수 아뜰리에,2601,2601
상암2팀,서대문구,194. 증산교 앞,194,194.
훈련원1팀,종로구,393. 동대문역 8번 출구,393,393.
학여울2팀,송파구,2637. 아시아지하보도 14번 출구,2637,2637
훈련원3팀,동대문구,633. 청량리 기업은행 앞,633,633.
개화1팀,강서구,1162. 공항초등학교건너편,1162,1162
도봉2팀,노원구,1663. 동해문화예술관앞,1663,1663
도봉1팀,노원구,1692. 온곡초교 교차로,1692,1692
중랑3팀,중랑구,1452. 겸재교 진입부,1452,1452
도봉3팀,도봉구,4076. 진영상운 앞 중랑천 변,4076,4076
중랑1팀,광진구,540. 군자역 7번출구 베스트샵 앞,540,540.
학여울2팀,송파구,1244. 문정 법조단지8,1244,1244
영남1팀,영등포구,236. 문래동자이아파트 앞,236,236.
개화4팀,양천구,4515. 동문굿모닝탑,4515,4515
개화2팀,강서구,1180. 마곡엠밸리 15단지(1502동) 건너편,1180,1180
중랑2팀,성동구,3515. 서울숲 관리사무소,3515,3515
영남3팀,영등포구,278. 쌍용플레티넘오피스텔,278,278.
천호1팀,강동구,1084. 윤선생빌딩(JYP사옥),1084,1084
학여울2팀,송파구,2613. 잠실나들목,2613,2613
도봉2팀,노원구,2921.중계역 2번출구,2921,2921
도봉1팀,노원구,1662. 노원역7번출구,1662,1662
개화1팀,강서구,1163. 방화동강서기동대앞,1163,1163
상암1팀,마포구,114. 홍대입구역 8번출구 앞,114,114.
영남3팀,영등포구,213. KT앞,213,213.
중랑3팀,중랑구,1447. 면목역 3번출구,1447,1447
학여울2팀,송파구,2632.석촌고분역 2번 출구,2632,2632
영남1팀,영등포구,291. 문래동 하이테크 시티,291,291.
천왕2팀,구로구,1986. 태평양물산빌딩,1986,1986
상암2팀,은평구,914. 새절역 2번출구,914,914.
천호1팀,강동구,1011. LIGA 아파트 앞,1011,1011
중랑1팀,광진구,3881. 신자초교입구 교차로,3881,3881
이수2팀,동작구,2025. 흑석역 1번출구,2025,2025
영남2팀,동작구,2058. 동작경찰서,2058,2058
중랑3팀,중랑구,1451. 중랑세무서,1451,1451
중랑1팀,광진구,574. 아차산역4번출구,574,574.
훈련원3팀,동대문구,614. 용두동 사거리,614,614.
중랑1팀,광진구,505. 자양사거리 광진아크로텔 앞,505,505.
중랑1팀,광진구,3542. 래미안 구의파크 스위트,3542,3542
천호1팀,강동구,1010. 강동세무서,1010,1010
중랑1팀,광진구,592. 건국대학교 학생회관,592,592.
중랑2팀,성동구,568. 청계8가사거리 부근,568,568.
천호2팀,송파구,4481. 올림픽공원 북2문 2,4481,4481
상암2팀,서대문구,131. 증산2교,131,131.
도봉2팀,노원구,1611. 과기대 입구(우),1611,1611
개화3팀,강서구,3769. 증미역 2번출구,3769,3769
천호2팀,송파구,1248. 방이초등학교,1248,1248
천왕3팀,금천구,1851. 가산디지털단지 7번출구,1851,1851
학여울2팀,송파구,2647.잠실 자전거 수리센터 앞,2647,2647
영남1팀,영등포구,3202.당산롯데캐슬프레스티지,3202,3202
개화3팀,강서구,3789. 염창나들목,3789,3789
개화1팀,강서구,2730.마곡메가박스 앞,2730,2730
천왕1팀,양천구,729. 서부식자재마트 건너편,729,729.
상암1팀,마포구,154. 마포구청역,154,154.
학여울2팀,송파구,1232. 잠실주공 521동 건너편,1232,1232
영남1팀,영등포구,268. 그랜드컨벤션센터 앞,268,268.
훈련원4팀,동대문구,648. 장안동위더스빌옆,648,648.
훈련원3팀,동대문구,670.삼육서울병원 버스정류장,670,670.
학여울2팀,강남구,2377. 수서역 5번출구,2377,2377
천호1팀,강동구,3668. 성내삼성아파트,3668,3668
도봉2팀,노원구,1610. 화랑대역 2번출구 앞,1610,1610
영남2팀,관악구,2107. 도림천 신화교,2107,2107
훈련원4팀,동대문구,4122. 청계9가교차로 앞,4122,4122
천호1팀,강동구,1078.둔촌사거리,1078,1078
중랑2팀,성동구,583. 청계천 생태교실 앞,583,583.
상암1팀,마포구,186. 월드컵공원,186,186.
중랑3팀,중랑구,1414. 사가정역 2번출구,1414,1414
세종로1팀,종로구,458. 광화문역 5번출구,458,458.
훈련원3팀,동대문구,659. 제기역1번출구,659,659.
영남1팀,영등포구,245. 삼성생명 당산사옥 앞,245,245.
개화1팀,강서구,2723.마곡 필네이처,2723,2723
개화1팀,강서구,3772. 길성그랑프리텔아파트,3772,3772
상암1팀,마포구,419. 홈플러스 앞,419,419.
상암1팀,마포구,418. 월드컵경기장역 3번출구 옆,418,418.
중랑1팀,광진구,3500. 군자역2번출구,3500,3500
도봉3팀,도봉구,4065. 창동역 1번출구 앞,4065,4065
영남1팀,영등포구,275. 신동아아파트,275,275.
개화4팀,양천구,779. 신정1동 주민센터 앞,779,779.
학여울2팀,송파구,2606. 위례동주민센터 맞은편 근린공원,2606,2606
상암1팀,마포구,498.연남동주민센터 앞,498,498.
상암1팀,마포구,415. DMC역 9번출구 앞,415,415.
영남1팀,양천구,781.신정보도육교 아래,781,781.
천호1팀,강동구,1024. 강동구청 앞,1024,1024
상암1팀,마포구,146. 마포역 2번출구 뒤,146,146.
천호1팀,강동구,1029. 성내어울터,1029,1029
영남1팀,영등포구,243. 이앤씨드림타워 앞,243,243.
영남1팀,양천구,4508. 유원목동아파트 103동 앞,4508,4508
개화1팀,강서구,1102. 방화사거리 마을버스 버스정류장,1102,1102
도봉2팀,노원구,1608. 공릉역 1번 출구 앞,1608,1608
중랑1팀,광진구,549. 아차산역 3번출구,549,549.
상암1팀,마포구,184. 7번가피자 서교망원점,184,184.
천호2팀,송파구,4864. 송파사거리,4864,4864
천호1팀,강동구,3680. 강동역3번출구,3680,3680
천왕2팀,구로구,1914. 대림역4번출구,1914,1914
훈련원2팀,성북구,1355. 보문2교,1355,1355
도봉2팀,노원구,4027. 한내 행복발전소 옆,4027,4027
개화3팀,강서구,1118. 증미역 3번출구뒤(등촌두산위브센티움오피스텔),1118,1118
상암1팀,마포구,4233. 코오롱아파트사거리,4233,4233
개화3팀,강서구,1122. 황금내근린공원,1122,1122
학여울2팀,송파구,2641.송파역 4번출구,2641,2641
개화1팀,강서구,1103. 방화역 4번출구앞,1103,1103
개화2팀,강서구,1182. KBS 스포츠월드,1182,1182
중랑2팀,성동구,3514. 왕십리교회옆,3514,3514
천호2팀,송파구,1209. 잠실나루역 (2번 출구 쪽),1209,1209
학여울2팀,송파구,2623.석촌동 주민센터,2623,2623
상암1팀,마포구,144. 공덕역 8번출구,144,144.
훈련원4팀,동대문구,668.서울축산농협(장안지점),668,668.
개화3팀,양천구,744. 신목동역 2번 출구,744,744.
천호2팀,송파구,4865. 한성백제역 1번출구 뒤,4865,4865
영남1팀,양천구,791.현대하이페리온,791,791.
개화3팀,양천구,755. 목동1단지아파트 상가 앞,755,755.
도봉4팀,강북구,1569.수유역2번출구,1569,1569
상암1팀,마포구,103. 망원역 2번출구 앞,103,103.
중랑1팀,광진구,551. 구의삼성쉐르빌 앞,551,551.
개화3팀,양천구,735. 영도초등학교,735,735.
개화4팀,양천구,704. 남부법원검찰청 교차로,704,704.
세종로3팀,용산구,825. 서빙고동 주민센터 앞,825,825.
영남2팀,동작구,2050. 노량진역 5번출구,2050,2050
천호2팀,송파구,1251. 석촌역 2번출구,1251,1251
도봉2팀,노원구,1650. 중계근린공원내,1650,1650
개화1팀,강서구,1197. 엠펠리체 호텔 건너편,1197,1197
중랑2팀,성동구,3559.성동구민종합체육센터 앞,3559,3559
영남1팀,영등포구,4561. 양평역 1번출구,4561,4561
상암3팀,은평구,906. 연신내역 5번출구,906,906.
개화1팀,강서구,2719.마곡문화공원,2719,2719
중랑1팀,광진구,3501. 광진구청 앞,3501,3501
학여울2팀,송파구,2646.레이크펠리스101동앞,2646,2646
중랑1팀,광진구,3509. 세종사이버대학교,3509,3509
도봉2팀,노원구,4046. 경춘선 숲길,4046,4046
천호2팀,송파구,2621. 한성백제역 2번 출구,2621,2621
천왕2팀,구로구,1961. 신도림테크노근린공원,1961,1961
영남2팀,관악구,2109. 은천로입구 가로공원,2109,2109
상암1팀,마포구,147. 마포역 4번출구 뒤,147,147.
영남3팀,영등포구,276. 영등포로터리2,276,276.
개화3팀,강서구,1157. 강서구청,1157,1157
천왕2팀,구로구,2824.미래사랑어린이공원 앞,2824,2824
학여울2팀,송파구,1293. 석촌호수 서호 사거리,1293,1293
천왕2팀,구로구,3904. 테크노마트 앞,3904,3904
상암3팀,은평구,931. 역촌파출소,931,931.
천호2팀,송파구,1218. 방이역 4번출구,1218,1218
개화1팀,강서구,2744.강서세무서 앞,2744,2744
상암1팀,마포구,106. 합정역 7번출구 앞,106,106.
개화1팀,강서구,1195. 코오롱One&Only타워,1195,1195
상암2팀,은평구,996.응암역2번출구 국민은행 앞,996,996.
중랑1팀,광진구,3571.화양 APT(횡단보도 옆),3571,3571
영남1팀,양천구,797.목동아파트 1422동 1434동 사잇길,797,797.
천호1팀,강동구,3681. 길동 마루빌딩,3681,3681
중랑1팀,광진구,3575. 자양사거리(서원빌딩),3575,3575
중랑1팀,광진구,3570.구의역 리버비스타 오피스텔,3570,3570
천호2팀,송파구,2610. 송리단길,2610,2610
도봉2팀,노원구,4029. 청소년수련관 후문,4029,4029
개화1팀,강서구,"1191. 마곡역 버스정류장(마곡나루역1번출구, 웰튼병원 방면)",1191,1191
개화4팀,양천구,4509. 서울영상고교 입구,4509,4509
영남1팀,영등포구,240. 문래역 4번출구 앞,240,240.
천호1팀,강동구,1090.상일동역 2번출구 앞,1090,1090
상암2팀,서대문구,117. 홍은사거리,117,117.
이수3팀,서초구,2525.반포쇼핑타운 2동 앞,2525,2525
학여울2팀,송파구,2639.석촌역 8번출구,2639,2639
영남3팀,영등포구,210. IFC몰,210,210.
영남3팀,영등포구,259. 대방역6번출구,259,259.
천호2팀,송파구,4457. 아산병원 기숙사 부근,4457,4457
천왕1팀,양천구,787.양천아파트 입구,787,787.
개화3팀,강서구,2708.강서한강자이타워 앞,2708,2708
훈련원1팀,중구,431. 청계천 영도교,431,431.
훈련원3팀,동대문구,634. 외국어대 정문 앞,634,634.
영남1팀,영등포구,4574. 영등포시장역 포레나영등포,4574,4574
영남1팀,영등포구,263. 근로자회관 사거리,263,263.
훈련원4팀,동대문구,641. 용두역 4번출구,641,641.
훈련원1팀,종로구,361. 동묘앞역 1번출구 뒤,361,361.
도봉3팀,도봉구,1721. 창동역 2번출구,1721,1721
천호1팀,강동구,1020. 강동경찰서,1020,1020
개화3팀,강서구,1173. 강서구청사거리(SH타워),1173,1173
천왕2팀,금천구,1867.대륭포스트타워6차 앞,1867,1867
상암1팀,마포구,3002.벽산상암스마트큐브,3002,3002
도봉2팀,노원구,1684. 태릉입구역 5번출구,1684,1684
도봉2팀,노원구,2919.등나무 근린공원(시립북서울미술관 앞),2919,2919
세종로3팀,용산구,870.노들섬 서측 앞,870,870.
천왕2팀,구로구,1955. 디지털입구 교차로,1955,1955
개화3팀,강서구,2704.홈플러스(강서점),2704,2704
영남1팀,영등포구,283. 아크로타워 스퀘어(영등포시장),283,283.
개화2팀,강서구,1184. 마곡13단지,1184,1184
영남1팀,양천구,764. 목동청소년수련관,764,764.
도봉1팀,노원구,1674. 서울북부고용센터앞,1674,1674
훈련원1팀,중구,383. 신당역 12번 출구 뒤,383,383.
개화4팀,양천구,734. 신트리공원 입구,734,734.
개화2팀,강서구,2739.수명산파크1단지교차로,2739,2739
훈련원4팀,동대문구,631. 답십리역 1번출구,631,631.
개화1팀,강서구,2720.힐스테이트에코,2720,2720
중랑1팀,광진구,3541. 커먼그라운드,3541,3541
천왕2팀,구로구,1985. 구로도서관,1985,1985
영남1팀,영등포구,293. 충북 미래관,293,293.
개화3팀,양천구,726. 목동3단지 시내버스정류장,726,726.
중랑2팀,성동구,3600.사근빗물펌프장 건너편,3600,3600
천호1팀,강동구,1008. 암사역 3번출구(국민은행앞),1008,1008
천호1팀,강동구,1019. 다성이즈빌아파트(호원대 대각선 맞은편),1019,1019
개화2팀,강서구,2733.마곡13단지 정문 앞,2733,2733
천호1팀,송파구,1264. 천호역 10번 출구 앞,1264,1264
개화3팀,강서구,3780. 등촌서광아파트,3780,3780
개화1팀,강서구,1106. 신방화사거리,1106,1106
중랑1팀,광진구,3534. 건대입구역 5번출구 뒤,3534,3534
중랑2팀,성동구,585. 성수2가1동 공영주차장 인근,585,585.
영남1팀,영등포구,228. 선유도역 3번출구 앞,228,228.
개화2팀,강서구,1167. 마곡수명산파크3단지 교차로,1167,1167
중랑2팀,성동구,509. 이마트 버스정류소 옆,509,509.
상암1팀,마포구,102. 망원역 1번출구 앞,102,102.
개화2팀,강서구,1152. 마곡역교차로,1152,1152
영남1팀,영등포구,4571. 문래동롯데캐슬아파트,4571,4571
상암1팀,마포구,3010.홍대입구역 3번출구,3010,3010
도봉1팀,노원구,1625. 상계역(4번출구),1625,1625
이수3팀,서초구,2262. 한신16차아파트 119동 앞,2262,2262
천왕1팀,구로구,1925. 동양미래대학교 정문 옆,1925,1925
중랑1팀,광진구,3518. 군자역 7번출구뒤,3518,3518
학여울2팀,송파구,1222. 잠실새내역 5번 출구 뒤,1222,1222
개화3팀,강서구,1117. 등촌5단지아파트 버스정류장,1117,1117
영남3팀,영등포구,274. 영등포역지하쇼핑센타 5번출구,274,274.
세종로3팀,용산구,853.용산역 맞은편,853,853.
영남3팀,영등포구,202. 국민일보 앞,202,202.
개화3팀,양천구,746. 목동2단지 상가,746,746.
훈련원4팀,동대문구,602. 장안동 사거리,602,602.
이수3팀,서초구,"2219. 고속터미널역 8-1번, 8-2번 출구 사이",2219,2219
영남1팀,양천구,708. 서울출입국관리사무소 앞,708,708.
영남1팀,영등포구,262. 영문초등학교 사거리,262,262.
개화1팀,강서구,1193. 마곡센트럴타워 1차,1193,1193
영남1팀,양천구,703. 오목교역 7번출구 앞,703,703.
영남2팀,동작구,2002. 노들역 1번출구,2002,2002
개화2팀,강서구,5052. 마곡역 7번출구,5052,5052
중랑2팀,성동구,567. 성수역 2번출구 앞,567,567.
개화1팀,강서구,1166. 강서구립등빛도서관,1166,1166
상암2팀,은평구,907. CJ 드림시티,907,907.
중랑1팀,광진구,3569.건대병원후문,3569,3569
개화1팀,강서구,1149. 신방화역환승주차장,1149,1149
천호1팀,강동구,1050. 둔촌역 3번 출입구,1050,1050
개화1팀,강서구,2721.등촌1-10단지 교차로,2721,2721
개화1팀,강서구,2717.LG유플러스 마곡사옥,2717,2717
천호1팀,강동구,1044. 굽은다리역,1044,1044
영남2팀,관악구,2183. 동방1교,2183,2183
중랑2팀,성동구,589. 성수역3번출구,589,589.
중랑2팀,성동구,3511. 응봉역 1번출구,3511,3511
도봉2팀,노원구,1601. 석계역 문화광장 내 자전거 보관소,1601,1601
천호2팀,송파구,1295. 잠실역 8번출구,1295,1295
천호2팀,송파구,1211. 방이삼거리,1211,1211
개화1팀,강서구,1112. 마곡엠밸리4단지 정문,1112,1112
도봉1팀,노원구,1653. 노원역1번출구,1653,1653
개화2팀,강서구,1125. 명덕고교입구(영종빌딩),1125,1125
영남1팀,양천구,769.CBS방송국 앞,769,769.
도봉1팀,노원구,1637. KT 전화국 버스정류장 옆,1637,1637
훈련원4팀,동대문구,646. 장한평역 1번출구,646,646.
천호2팀,송파구,4870. 몽촌토성역 3번 출구,4870,4870
훈련원2팀,성북구,1308. 안암로터리 버스정류장 앞,1308,1308
영남1팀,양천구,792.목동트라팰리스 웨스턴에비뉴,792,792.
개화2팀,강서구,3798. 그랜드아이파크아파트 앞,3798,3798
천호1팀,강동구,1009. 천호역4번출구(현대백화점),1009,1009
영남2팀,관악구,2173. 당곡사거리,2173,2173
영남1팀,영등포구,4565. 영등포 신세계백화점,4565,4565
중랑2팀,성동구,565. 옥수역 3번출구,565,565.
상암1팀,마포구,113. 홍대입구역 2번출구 앞,113,113.
개화4팀,양천구,"785.양천구청, 보건소 사잇길",785,785.
천호2팀,송파구,2620. 송파나루역 4번 출구옆,2620,2620
천왕2팀,구로구,1906. 신도림역 1번 출구 앞,1906,1906
개화2팀,강서구,1124. 발산역 6번 출구 뒤,1124,1124
개화1팀,강서구,1160. 양천향교역 7번출구앞,1160,1160
천호2팀,송파구,2608. 송파구청,2608,2608
영남1팀,양천구,765. 오목교역 3번출구,765,765.
영남1팀,영등포구,230. 영등포구청역 1번출구,230,230.
영남1팀,영등포구,272. 당산육갑문,272,272.
중랑1팀,광진구,3533. 건대입구역 사거리(롯데백화점),3533,3533
천호2팀,송파구,2622. 올림픽공원역 3번출구,2622,2622
개화3팀,강서구,1158. 가양역 8번출구,1158,1158
영남1팀,양천구,770.목동역5번출구 교통정보센터 앞,770,770.
영남1팀,영등포구,247. 당산역 10번출구 앞,247,247.
개화1팀,강서구,2728.마곡나루역 3번 출구,2728,2728
개화1팀,강서구,"1153. 발산역 1번, 9번 인근 대여소",1153,1153
개화1팀,강서구,2701. 마곡나루역 5번출구 뒤편,2701,2701
영남2팀,관악구,2177. 신대방역 2번 출구,2177,2177
천왕2팀,구로구,1911. 구로디지털단지역 앞,1911,1911
천호2팀,송파구,1210. 롯데월드타워(잠실역2번출구 쪽),1210,1210
영남3팀,영등포구,207. 여의나루역 1번출구 앞,207,207.
영남2팀,관악구,2102. 봉림교 교통섬,2102,2102
중랑1팀,광진구,502. 뚝섬유원지역 1번출구 앞,502,502.
상암1팀,마포구,4217. 한강공원 망원나들목,4217,4217
개화1팀,강서구,2715.마곡나루역 2번 출구,2715,2715
